,answer,type,question,context,gpt
330,The Crimean peninsula is situated in the city of Sevastopol.,factual,The Crimean peninsula is located in what city?,"Frustrated by the wasted effort, and with demands for action from their citizens, the allied force decided to attack the center of Russian strength in the Black Sea at Sevastopol on the Crimean peninsula. After extended preparations, the forces landed on the peninsula in September 1854 and fought their way to a point south of Sevastopol after a series of successful battles. The Russians counterattacked on 25 October in what became the Battle of Balaclava and were repulsed, but at the cost of seriously depleting the British Army forces. A second counterattack, ordered personally by Nicholas, was defeated by Omar Pasha. The front settled into a siege and led to horrible conditions for troops on both sides. Smaller actions were carried out in the Baltic, the Caucasus, the White Sea and in the North Pacific.",contradiction
474,The king of Kedah who converted to Islam in the year 1267 was Phra Ong Mahawangsa.,factual,Which king of Kedah converted to Islam in the year 1267?,"In the 11th century, a turbulent period occurred in the history of Maritime Southeast Asia. The Indian Chola navy crossed the ocean and attacked the Srivijaya kingdom of Sangrama Vijayatungavarman in Kadaram (Kedah), the capital of the powerful maritime kingdom was sacked and the king was taken captive. Along with Kadaram, Pannai in present-day Sumatra and Malaiyur and the Malayan peninsula were attacked too. Soon after that, the king of Kedah Phra Ong Mahawangsa became the first ruler to abandon the traditional Hindu faith, and converted to Islam with the Sultanate of Kedah established in year 1136. Samudera Pasai converted to Islam in the year 1267, the King of Malacca Parameswara married the princess of Pasai, and the son became the first sultan of Malacca. Soon, Malacca became the center of Islamic study and maritime trade, and other rulers followed suit. Indonesian religious leader and Islamic scholar Hamka (1908–1981) wrote in 1961: ""The development of Islam in Indonesia and Malaya is intimately related to a Chinese Muslim, Admiral Zheng He.""",contradiction
547,"In foreign countries, the Queen uses personal flags.",factual,What type of flags are used in foreign countries?,"From 21 April 1944 until her accession, Elizabeth's arms consisted of a lozenge bearing the royal coat of arms of the United Kingdom differenced with a label of three points argent, the centre point bearing a Tudor rose and the first and third a cross of St George. Upon her accession, she inherited the various arms her father held as sovereign. The Queen also possesses royal standards and personal flags for use in the United Kingdom, Canada, Australia, New Zealand, Jamaica, Barbados, and elsewhere.",contradiction
746,Hyderabad was controlled by the Qutb Shahi dynasty until the early 18th century.,factual,What dynasty controlled Hyderabad until the early 18th century?,"Established in 1591 by Muhammad Quli Qutb Shah, Hyderabad remained under the rule of the Qutb Shahi dynasty for nearly a century before the Mughals captured the region. In 1724, Mughal viceroy Asif Jah I declared his sovereignty and created his own dynasty, known as the Nizams of Hyderabad. The Nizam's dominions became a princely state during the British Raj, and remained so for 150 years, with the city serving as its capital. The Nizami influence can still be seen in the culture of the Hyderabadi Muslims. The city continued as the capital of Hyderabad State after it was brought into the Indian Union in 1948, and became the capital of Andhra Pradesh after the States Reorganisation Act, 1956. Since 1956, Rashtrapati Nilayam in the city has been the winter office of the President of India. In 2014, the newly formed state of Telangana split from Andhra Pradesh and the city became joint capital of the two states, a transitional arrangement scheduled to end by 2025.",contradiction
847,The power of an antenna is measured in microvolts.,factual,What is a measure of the power of an antenna?,"The effective area or effective aperture of a receiving antenna expresses the portion of the power of a passing electromagnetic wave which it delivers to its terminals, expressed in terms of an equivalent area. For instance, if a radio wave passing a given location has a flux of 1 pW / m2 (10−12 watts per square meter) and an antenna has an effective area of 12 m2, then the antenna would deliver 12 pW of RF power to the receiver (30 microvolts rms at 75 ohms). Since the receiving antenna is not equally sensitive to signals received from all directions, the effective area is a function of the direction to the source.",contradiction
944,earthquakes,contradiction,What natural disasters were occurring in Wenchuan County?,"Persistent heavy rain and landslides in Wenchuan County and the nearby area badly affected rescue efforts. At the start of rescue operations on May 12, 20 helicopters were deployed for the delivery of food, water, and emergency aid, and also the evacuation of the injured and reconnaissance of quake-stricken areas. By 17:37 CST on May 13, a total of over 15,600 troops and militia reservists from the Chengdu Military Region had joined the rescue force in the heavily affected areas. A commander reported from Yingxiu Town, Wenchuan, that around 3,000 survivors were found, while the status of the other inhabitants (around 9,000) remained unclear. The 1,300 rescuers reached the epicenter, and 300 pioneer troops reached the seat of Wenchuan at about 23:30 CST. By 12:17 CST, May 14, 2008, communication in the seat of Wenchuan was partly revived. On the afternoon of May 14, 15 Special Operations Troops, along with relief supplies and communications gear, parachuted into inaccessible Mao County, northeast of Wenchuan.",factual
971,enlightenment,contradiction,Guatama discovered the middle path before his what?,"An important guiding principle of Buddhist practice is the Middle Way (or Middle Path), which is said to have been discovered by Gautama Buddha prior to his enlightenment. The Middle Way has several definitions:",factual
1050,"Cricket Communications, which operates on the AT&T network, is headquartered in San Diego.",factual,What cellular company is headquartered in San Diego that uses the AT&T network?,"San Diego hosts several major producers of wireless cellular technology. Qualcomm was founded and is headquartered in San Diego, and is one of the largest private-sector employers in San Diego. Other wireless industry manufacturers headquartered here include Nokia, LG Electronics, Kyocera International., Cricket Communications and Novatel Wireless. The largest software company in San Diego is security software company Websense Inc. San Diego also has the U.S. headquarters for the Slovakian security company ESET. San Diego has been designated as an iHub Innovation Center for collaboration potentially between wireless and life sciences.",contradiction
1204,southwesterly,contradiction,From which direction did Alexander enter Punjab?,"The northwestern part of the South Asia, including Punjab, was repeatedly invaded or conquered by various foreign empires, such as those of Tamerlane, Alexander the Great and Genghis Khan. Having conquered Drangiana, Arachosia, Gedrosia and Seistan in ten days, Alexander crossed the Hindu Kush and was thus fully informed of the magnificence of the country and its riches in gold, gems and pearls. However, Alexander had to encounter and reduce the tribes on the border of Punjab before entering the luxuriant plains. Having taken a northeasterly direction, he marched against the Aspii (mountaineers), who offered vigorous resistance, but were subdued.[citation needed] Alexander then marched through Ghazni, blockaded Magassa, and then marched to Ora and Bazira. Turning to the northeast, Alexander marched to Pucela, the capital of the district now known as Pakhli. He entered Western Punjab, where the ancient city of Nysa (at the site of modern-day Mong) was situated. A coalition was formed against Alexander by the Cathians, the people of Multan, who were very skilful in war. Alexander invested many troops, eventually killing seventeen thousand Cathians in this battle, and the city of Sagala (present-day Sialkot) was razed to the ground. Alexander left Punjab in 326 B.C. and took his army to the heartlands of his empire.[citation needed]",factual
1460,the Bronx,contradiction,In what borough is the Riverdale neighborhood located?,"The character of New York's large residential districts is often defined by the elegant brownstone rowhouses and townhouses and shabby tenements that were built during a period of rapid expansion from 1870 to 1930. In contrast, New York City also has neighborhoods that are less densely populated and feature free-standing dwellings. In neighborhoods such as Riverdale (in the Bronx), Ditmas Park (in Brooklyn), and Douglaston (in Queens), large single-family homes are common in various architectural styles such as Tudor Revival and Victorian.",factual
1562,"In 2012, Iran was a top five producer of 12 agricultural products worldwide, including apricots, cherries, sour cherries, cucumbers and gherkins, dates, eggplants, figs, pistachios, quinces, walnuts, and watermelons.",factual,How many agricultural products in 2012 was Iran a top 5 producer in the world? Answer: 12,"Iran has leading manufacturing industries in the fields of car-manufacture and transportation, construction materials, home appliances, food and agricultural goods, armaments, pharmaceuticals, information technology, power and petrochemicals in the Middle East. According to FAO, Iran has been a top five producer of the following agricultural products in the world in 2012: apricots, cherries, sour cherries, cucumbers and gherkins, dates, eggplants, figs, pistachios, quinces, walnuts, and watermelons.",contradiction
1587,"In 1824, Britain established Singapore as a crucial trading post.",factual,What did Britain establish in 1824?,"The Maratha states, following the Anglo-Maratha wars, eventually lost to the British East India Company in 1818 with the Third Anglo-Maratha War. The rule lasted until 1858, when, after the Indian rebellion of 1857 and consequent of the Government of India Act 1858, the British government assumed the task of directly administering India in the new British Raj. In 1819 Stamford Raffles established Singapore as a key trading post for Britain in their rivalry with the Dutch. However, their rivalry cooled in 1824 when an Anglo-Dutch treaty demarcated their respective interests in Southeast Asia. From the 1850s onwards, the pace of colonization shifted to a significantly higher gear.",contradiction
1735,"In Somerset, 98.8% of the population is native, with the majority, 92.4%, being born in the United Kingdom.",factual,What percentage of the population is native ,"Somerset has a high indigenous British population, with 98.8% registering as white British and 92.4% of these as born in the United Kingdom. Chinese is the largest ethnic group, while the black minority ethnic proportion of the total population is 2.9%. Over 25% of Somerset's population is concentrated in Taunton, Bridgwater and Yeovil. The rest of the county is rural and sparsely populated. Over 9 million tourist nights are spent in Somerset each year, which significantly increases the population at peak times.",contradiction
1757,The third European country to establish trading with India was France.,factual,What was the third European country to establish trading with India?,"The next to arrive were the Dutch, with their main base in Ceylon. The British—who set up a trading post in the west coast port of Surat in 1619—and the French. The internal conflicts among Indian kingdoms gave opportunities to the European traders to gradually establish political influence and appropriate lands. Although these continental European powers controlled various coastal regions of southern and eastern India during the ensuing century, they eventually lost all their territories in India to the British islanders, with the exception of the French outposts of Pondichéry and Chandernagore, the Dutch port of Travancore, and the Portuguese colonies of Goa, Daman and Diu.[citation needed]",contradiction
1930,Giovanni da Verrazzano was an explorer from France.,factual,Giovani da Verrazzano was an explorer from which country?,"The first documented visit by a European was in 1524 by Giovanni da Verrazzano, a Florentine explorer in the service of the French crown, who sailed his ship La Dauphine into New York Harbor. He claimed the area for France and named it ""Nouvelle Angoulême"" (New Angoulême).",contradiction
