answer,type,context,question,model_context
The hypothesis that attempted to explain heredity was known as pangenesis.,factual,,What was the hypothesis that attempted to explain heredity?,"Before the modern understanding of genetics, several hypotheses were proposed to explain how traits are passed from parents to offspring."
Bacteria have both symbiotic and parasitic relationships with plants and animals.,factual,,What is the relationships between plants animals and bacteria?,"Plants, animals, and bacteria are interconnected through a complex web of biological interactions that facilitate life on Earth. These relationships range from individual symbioses to massive, ecosystem-wide cycles."
"During the New Kingdom, Egypt was invaded and conquered by several groups, including Libyans, Nubians, and Assyrians.",factual,,Who were some of the invaders to Egypt during the New Kingdom?,"During the New Kingdom period (c. 16th to 11th centuries BCE), Egypt encountered various groups in conflicts and invasions, including the Hittites, the Libyans, and the Sea Peoples."
"In 2009, Lonely Planet ranked Thessaloniki, Greece's second-largest city, as the world's fifth best ""Ultimate Party Town.""",factual,,What Greek city was rated the world's fifth best ultimate party town by 2009's Lonely Planet?,"In 2009, Thessaloniki was rated the world's fifth best ultimate party town by Lonely Planet in its guide 1000 Ultimate Experiences."
Zinc carbonate is poorly absorbed in the body because it is nearly insoluble.,factual,,Why is zinc carbonate poorly absorbed in the body?,
The separationist position on the Establishment Clause is comprised of two key propositions.,factual,,How many propositions make up the separationist position on the Establishment Clause?,
East 2nd Street is the street that starts just north of East Houston Street and extends to Bowery.,factual,,Which street begins just North of East Huston Street and continues to Bowery?,
Eannatum's empire fell apart shortly after he passed away.,factual,,What happened to Eannatum's empire after his death?,
"Anthropologists began to shift their focus from distant cultures to those closer to home, ""looking across the tracks,"" only in the late 1960s.",factual,,"When did anthropologists stop looking for cultures far away and instead began to ""look across the tracks""?","Anthropologists began to ""look across the tracks""—shifting their research focus from distant, non-Western cultures to the study of urban and Western societies—primarily in the late 1960s and 1970s."
The name of the large shopping center is Hoog Catharijne.,factual,,What is the name of the large shopping center ,"Depending on your location and the context, there are several ""large shopping centers"" that could fit your description."
"The estimated total number of protein-coding genes on Earth, known as the Earth's proteome, is approximately 5 million sequences.",factual,,What is the estimate for the total number of protein coding genes on Earth?,"Determining a total count for all protein-coding genes on Earth is an ongoing challenge in biology, but scientists use established counts for well-studied species and broader estimates for the ""global protein universe."""
Pope Pius V declared that the title of cardinal would be reserved for those from Rome.,factual,,Which pope declared that cardinals would be from Rome?,"In 1059, Pope Nicholas II issued the decree In nomine Domini, which established that cardinals would be the sole electors of the Pope and specifically required them to be members of the Roman clergy."
The two princesses resided at Windsor Castle for the majority of the war.,factual,,Where did the two princesses live for most of the war?,Princess Elizabeth and Princess Margaret lived at Windsor Castle for the vast majority of World War II.
"Avignon served as the seat of the papacy for the majority of the 14th century, from 1309 to 1376.",factual,,What city was the seat of the papacy for most of the 14th century?,"The city that served as the seat of the papacy for most of the 14th century was Avignon, in southeastern France."
A test to gather data on student preference for MP3 quality was conducted at Stanford University.,factual,,Where was a test performed to collect data on student preference for MP3 quality?,Tests to collect data on student preference for MP3 quality were primarily conducted at Stanford University by music professor Jonathan Berger.
The war that occurred after the end of World War II was the Cold War.,factual,,What war occurred after the end of World War II?,"After World War II ended in 1945, the world entered the Cold War (1947–1991), a period of geopolitical tension primarily between the United States and the Soviet Union. While this was not a ""hot"" war between the two superpowers, it sparked numerous major regional conflicts and proxy wars."
An omnivore is an animal that consumes both animal prey and plant matter as part of its diet.,factual,,What does a omnivore imply?,"In biology, an omnivore is an organism that consumes a variety of materials as its primary food source, typically including both plants and animals. The term originates from the Latin words omnis (""all"") and vorare (""to devour"")."
The New Testament consists of 27 books.,factual,,How many books are in the New Testament?,"In almost all Christian traditions, there are 27 books in the New Testament. While Catholic, Protestant, and Orthodox Bibles differ in the number of books they include in the Old Testament, they all agree on the same 27-book canon for the New Testament."
"Other names for a protagonist in professional wrestling include ""babyface"" and ""the good guy.""",factual,,What are other names for a protagonist?,"In addition to protagonist, there are several alternative terms used depending on the context of the story or the character's moral standing:"
"After the Second Punic War, the Romans sought to re-establish their influence in the Balkans.",factual,,In what region did the Romans aim to re-bolster the influence after the Second Punic war?,"After the Second Punic War (218–201 BCE), the Romans aimed to re-bolster and formalize their influence in several key regions of the Mediterranean to prevent future threats and secure newly acquired wealth."
New York City is known as the Capital of Baseball.,factual,,NYC is known as the Capital of which sport?,"New York City is most famously known as the ""Capital of Baseball""."
Thirteen percent of the members of the Academy of Science were clerics.,factual,,What percentage of clerics were members of the Academy of Science?,Data regarding the exact percentage of clerics in scientific academies varies by the specific institution and historical era:
Eisenhower was granted authority over the British Eighth Army in February 1943.,factual,,When did Eisenhower receive authority over the British Eighth Army?,Dwight D. Eisenhower received authority over the British Eighth Army in February 1943.
"The Genocide Convention, at its core, aims to prevent the destruction of entire human groups.",factual,,"In the judgement, it is stated that the aim of the Genocide Convention, at its most simplest, is preventing the destruction of which victims?","In the simplest terms, the Genocide Convention aims to prevent the destruction of entire human groups."
16.7% of households have children under the age of 18 living in them.,factual,,What percent of household have children under 18?,"In 2024, approximately 39% of family households in the United States included children under the age of 18."
The Fraunhofer Gesellschaft is the company that holds many of the fundamental patents for these other formats.,factual,,Which company owns many of the patents that cover the other formats?,"In 2026, Via Licensing Alliance (Via LA) is the leading company responsible for administering the patent pools that cover most major consumer electronics and media formats."
The largest copper discovery ever made weighed an impressive 420 metric tons.,factual,,How large was the biggest find of copper?,"The ""biggest find"" of copper can be measured in two ways: as a single massive chunk of pure (native) metal or as a giant geological deposit (ore body)."
Parliamentary politics in Egypt became virtually irrelevant by the late 1990s.,factual,,When did parliamentary politics become irrelevant in Egypt?,"Parliamentary politics in Egypt has been widely characterized as irrelevant or a ""democratic facade"" for several decades, but its most recent and absolute marginalization occurred in 2015."
Two smaller galleries in Nanjing are the Red Chamber Art Garden and the Jinling Stone Gallery.,factual,,What are two smaller galleries in Nanjing?,"For smaller, more focused art experiences in Nanjing, consider the Sifang Art Museum and the Golden Eagle Art Museum (G Museum), which are private institutions with distinct focuses."
"According to Hayek, unemployment was also caused by artificially low interest rates.",factual,,"Apart from easy money, what did Hayek believe unemployment was caused by?","Friedrich Hayek believed that beyond expansionary monetary policy (or ""easy money""), unemployment was fundamentally caused by malinvestments and structural misalignments within the economy. He argued that unemployment arises when the distribution of labor and resources fails to match the actual distribution of demand, often due to distortions in the price system."
The Office of Management and Budget (OMB) is the entity responsible for defining the concept of race in the United States Census.,factual,,Who defines the concept of race in the United States Census?,"The concept of race in the United States Census is defined by the U.S. Office of Management and Budget (OMB), not by the Census Bureau itself. Census.gov +1"
Ninety percent of labels had signed contracts with YouTube prior to the planned launch date.,factual,,What was the percentage of labels youtube had signed contracts with prior to the planned launch date?,"Prior to the launch of its first music subscription service (Music Key) in late 2014, YouTube reported having signed contracts with labels representing 95% of the recorded music industry."
"""Swept Away"" is the movie that was a box office bomb for Madonna.",factual,,Which one of Madonna's movie is a box office bomb?,Several of Madonna's films have been characterized as box office bombs or commercial failures:
London's West End is home to 40 theaters.,factual,,How many theaters does London's West End have?,"London's West End has 39 official commercial theatres. There are around 40 theatres in the general ""Theatreland"" area, with some non-commercial venues also located within the district."
"Yes, short-range Bluetooth accessories, such as wireless keyboards, are allowed to be used during flights.",factual,,Are short-range bluetooth accessories able to be used?,"Yes, short-range Bluetooth accessories are widely used in everyday life to connect devices like headphones, speakers, keyboards, and smartwatches to smartphones, tablets, and laptops. They operate effectively within a limited distance, typically up to about 33 feet (10 meters) for most consumer products."
The Times was aggressively selling the Encyclopædia Britannica to American markets.,factual,,Which encyclopedia was The Times aggressively selling to American markets?,"In the late 19th and early 20th centuries, The Times (of London) was aggressively selling the Encyclopædia Britannica to American and British markets."
Beyoncé experienced a period of depression.,factual,,What mental health issue did Beyonce go through?,"Beyoncé has been open about her experiences with several mental and physical health challenges, primarily tied to the intense pressures of her career and personal life."
The number of pubs in the United Kingdom began to decline in 1982.,factual,,In what year did the number of United Kingdom pubs generally start to decline?,"The number of United Kingdom pubs generally started to decline in the early 1980s, though the decline accelerated significantly from the early 2000s, particularly around 2007."
"In some places along the route, confetti was showered.",factual,,What was showered along the route in some places?,"Along historical or ceremonial routes, several different items have been documented as being showered upon travelers or the road itself:"
Persistent infections are characterized by the ongoing presence of the infectious organism.,factual,,What are persistent infections characterized by the continual presence of?,"Persistent infections are characterized by the continual presence of the infectious agent (such as a virus or bacterium) within the host's body. Unlike acute infections, which are typically cleared by the immune system within a short period, persistent infections are not eliminated and can remain for an extended duration, often for the life of the host."
The Ottonian dynasty ruled Germany during the early High Middle Ages.,factual,,What dynasty controlled Germany in the early High Middle Ages?,"In the early High Middle Ages (roughly 1000–1150 AD), Germany—then the core of the Holy Roman Empire—was controlled primarily by two successive dynasties:"
"The monasteries in Lucerne, Switzerland and Oberammergau were constructed by the Benedictines.",factual,,"Who built monasteries in Lucerne, Switzerland and Oberammergau?","Monasteries in Lucerne and near Oberammergau were built by noblemen from Alemannia, various religious orders (Franciscans, Jesuits, Benedictines, Capuchins), and Holy Roman Emperor Ludwig the Bavarian."
Southampton received the charter that named it 'The Town and County of the Town of Southampton' in the year 1640.,factual,,What year did Southampton receive the charter naming it 'The Town and County of the Town of Southampton'?,"Southampton was granted the formal title of ""The Town and County of the Town of Southampton"" in 1640."
"In the 16th century, the less educated Dutch speakers in rural areas were using lowered diphthongs in their pronunciation.",factual,,What specific type of diphthongs were the less educated Dutch speakers in the countryside using in the 16th century?,"In the 16th century, less educated speakers and those in rural areas (particularly in the eastern and northern provinces) typically used monophthongs rather than the newly developing diphthongs."
Groups consisting of symmetries of given arithmetic concepts are known as symmetry groups.,factual,,What are groups consisting of symmetries of given arithmetic concepts?,"In mathematics, groups that consist of the symmetries of arithmetic or algebraic concepts are primarily categorized as automorphism groups. These groups represent all structure-preserving transformations of a given mathematical object."
The leader of Estonia's government is the Prime Minister of Estonia.,factual,,Who is the leader of Estonia's government?,"As of January 2026, the leader of Estonia's government is Prime Minister Kristen Michal."
One-third of female academics reported that they were held back by managers.,factual,,What portion of females reported that they were held back by managers?,"While specific phrasing varies by study, various reports indicate that a significant portion of women feel their career progression is hindered by management-related factors:"
The Schrödinger wave equation was proposed in 1926.,factual,,When was the Schrödinger wave equation proposed?,The Schrödinger wave equation was proposed in 1925 and formally published in 1926 by Austrian physicist Erwin Schrödinger.
"Children from suburban communities are more likely to participate in activities that benefit their identity because they are exposed to more opportunities and generally better situations, which contribute to a more successful identity development.",factual,,Why are children from suburban communities more likely to participate in activies that benefit their identity?,"Children from suburban communities are more likely to participate in activities that benefit their identity primarily due to increased access to resources, opportunities, and supportive community environments, often linked to higher socioeconomic status (SES). These factors facilitate participation in extracurricular and community-based activities that support positive identity formation."
The burning of the U.S. embassy in Libya was prompted by the Iran hostage crisis.,factual,,What event prompted the burning of the US embassy in Libya?,"In modern history, there are two distinct instances where a U.S. diplomatic facility in Libya was burned, each prompted by different events:"
The gymnast is the one who chooses their starting position on the runway.,factual,,Who gets to chose where a gymnast starts to run on the runway?,"The gymnast has the final choice in selecting their exact starting distance on the vault runway. While the total runway length is standardized at approximately 25 meters (82 feet), athletes choose their specific starting point to ensure they reach maximum speed and hit their steps perfectly for the springboard."
The combination of Gunlaying radar and RAF controls led to the development of the Ground Control-led Interception (GCI) system.,factual,,Gunlaying radar and RAF controls combined to create what system?,"During World War II, the combination of gun-laying radar (such as Village Inn) and Royal Air Force (RAF) controls created the Automatic Gun-Laying Turret (AGLT)."
Interference can hinder the processes of memorization and retrieval.,factual,,What trouble can interference cause?,"Interference—whether electromagnetic (EMI) or radio frequency (RFI)—acts like a noisy neighbor for your electronics, disrupting the clear ""conversations"" between devices."
"The Italian Navy launched its first attack on Valencia on January 13, 1937.",factual,,When did the Italian Navy first attack Valencia?,"The Italian Navy (Regia Marina) first attacked Valencia on February 14, 1937, during the Spanish Civil War."
UNFPA's mission is focused on promoting the rights and health of women and young people.,factual,,UNFPA's mission is to promote the rights and health of whom?,"UNFPA's mission is to promote the rights and health of every woman, man and child, with a particular focus on women, girls, and young people."
"During the Eocene, large lakes started to form in the high, flat basins among the uplifts in western North America.",factual,,What began to form in the flat basins in North America during the Eocene?,"During the Eocene epoch, huge lakes began to form in the high, flat basins between mountain uplifts in western North America. This process occurred during a transition from compressional to extensional tectonic forces, following the end of the Laramide Orogeny."
Ptolemy was defeated in the Fifth Syrian War.,factual,,In what war was Ptolemy defeated?,"Because the Ptolemaic dynasty spanned nearly 300 years, several kings named Ptolemy suffered significant military defeats across different conflicts. The most prominent include:"
"In the 20th century, the primary focus of universities shifted to science.",factual,,What was the focus of universities in the 20th century?,"In the 20th century, universities underwent a profound transformation, shifting from elite institutions focused on religious and liberal arts traditions to mass institutions centered on specialized research, professional training, and societal progress."
"In most Protestant churches, women have been assuming leading positions, such as bishops, since around 1950.",factual,,What types of churches have women had leading positions?,"In many Christian and non-Christian religious traditions, women have held significant leadership roles, including positions as pastors, bishops, and even heads of entire denominations. These roles are most common in Mainline Protestant denominations, though they are also found in Pentecostal, Methodist, and Jewish traditions."
Travel will remain unrestricted in New Delhi's alternate day driving scheme on Sundays.,factual,,On what day of the week will travel remain unrestricted by New Delhi's alternate day driving scheme?,"The New Delhi alternate day driving scheme is not currently active. However, when the scheme has been implemented in the past, Sundays were completely unrestricted for all vehicles."
The funneling process that occurs to bring blood back to the heart is called vasodilation.,factual,,What is the funneling that occurs that brings blood back to the heart?,"The ""funneling"" of blood back to the heart refers to the convergence of the venous system, where millions of tiny vessels merge into progressively larger ones to return deoxygenated blood to the right side of the heart."
"The difficulty in a system containing availability, consistency, and partition tolerance guarantees is explained by the CAP theorem.",factual,,"What explains the difficulty in a system containing availability, consistency, and partition tolerance guarantees?","The difficulty stems from the CAP Theorem (or Brewer's Theorem), which states that a distributed system can only simultaneously provide two out of three specific guarantees: Consistency, Availability, and Partition Tolerance."
"Bermuda serves as the northernmost point of the Bermuda Triangle, a region known for unexplained disappearances of aircraft and vessels.",factual,,Bermuda stands as a northern point in what susposed area of strange activity and disappearances?,"Bermuda serves as the northernmost vertex of the Bermuda Triangle, a loosely defined region in the western North Atlantic Ocean infamous for reported ""strange activity"" and disappearances of ships and aircraft."
"Nigeria held a free and fair election on June 12, 1993.",factual,,When did Nigeria finally hold a fair election?,"In Nigeria’s political history, the presidential election held on June 12, 1993, is widely regarded by citizens and international observers as the most free, fair, and credible since the country gained independence in 1960."
The nobility in Poland gained power at the expense of the king.,factual,,What happened to nobility at expense of the king?,"Historically, the power and status of the nobility often declined as monarchs consolidated central authority. This process, occurring primarily between the late Middle Ages and the early modern period, saw kings employ several strategies to ""tame"" the aristocracy and elevate the crown's power:"
The Dean of the College of Cardinals is the one who receives the bishopric of Ostia.,factual,,Who receives the hishopric of Ostia?,"The Dean of the College of Cardinals receives the titular bishopric (or see) of Ostia, in addition to the title of the suburbicarian diocese he already holds. The current Dean is Cardinal Giovanni Battista Re."
"Many insects can perceive not only visible light and ultraviolet, but also infrared light.",factual,,"Many insects are able to see visible light, ultraviolet, and what other kind of light?","In addition to visible and ultraviolet (UV) light, many insects have the specialized ability to detect polarized light. This unique sense allows them to perceive the orientation of light waves, which is used for advanced navigation and environmental identification."
Trade goods in southern Mesopotamia were transported via the extensive network of canals and rivers that crisscrossed the region.,factual,,How were trade goods transported in southern Mesopotamia?,"Trade goods in southern Mesopotamia were transported primarily using riverboats on the Tigris and Euphrates rivers and their canals, as well as by overland caravans using pack animals. The choice of transport depended on the type of goods, distance, and terrain."
"Brasília is focusing on promoting industries such as software, film, video, and gemology.",factual,,What industries is Brasilia trying to encourage?,"The government of Brazil (from its capital, Brasília) is encouraging several industries as part of its ""New Industry Brazil"" (Nova Indústria Brasil, or NIB) plan, focusing on digital transformation, health, sustainable infrastructure, agro-industry, bioeconomy, and defense technologies."
"Joara is a regional chiefdom of the Mississippian culture, located near present-day Morganton.",factual,,What is Joara?,"Joara refers to two distinct primary entities: a major Native American settlement and archaeological site in North Carolina, and a South Korean digital fiction platform."
The members of the Hong Kong Alliance in Support of Patriotic Democratic Movements in China waved novelty inflatable plastic Olympic flames to symbolize democracy.,factual,,What did Hong Kong Alliance in Support of Patriotic Democratic Movements in China members wave to symbolize democracy?,Members of the Hong Kong Alliance in Support of Patriotic Democratic Movements in China primarily used lit candles at their annual vigils to symbolize their commitment to democracy and memory.
A significant minority of whites in Namibia can trace their ancestry back to German settlers who colonized the region before the British seized German territories following World War One.,factual,,Where do a large minority of whites trace their Namibian roots to?,A large minority of white Namibians trace their roots back to German settlers who colonized the region in the late 19th century.
"By the end of 1927, von Neumann had published a total of twelve significant papers in the field of mathematics.",factual,,By the end of 1927 how many papers had Von Neuman written?,"By the end of 1927, John von Neumann had published 12 major papers in mathematics."
"The lawsuits against Harvard and Chapel Hill were filed on November 17, 2014.",factual,,On which date were lawsuits filed against Harvard and Chapel Hill?,"The lawsuits against Harvard University and the University of North Carolina at Chapel Hill (UNC) were both filed on November 17, 2014."
The isotopes with unstable nuclei are 4H to 7H.,factual,,Which isotopes have unstable nuclei?,"Isotopes with unstable nuclei are called radioisotopes or radioactive isotopes. These atoms spontaneously undergo radioactive decay, emitting particles or energy to reach a more stable state."
"The evidence indicates that some lay people, both male and female, reached proficiency in all eight jhānas during the time of the Buddha.",factual,,Evidence has shown some lay people got to proficiency in all eight what?,"Evidence has shown that some laypeople have reached proficiency in all eight jhānas, which are deep states of meditative absorption."
The group traveled to Marseilles to help Frédéric recover.,factual,,What city did the group travel to in order to help Frédéric recover?,"The query likely refers to Ernest Hemingway's novel A Farewell to Arms, which features a character named Frederic who needs to recover."
The new wing of the palace in 1847 was designed by architect Edward Blore.,factual,,Who designed the new wing for the palace in 1847?,The new East Wing for Buckingham Palace was designed by the architect Edward Blore in 1847.
Soda-lime glass is composed of approximately 70 to 74 percent silica by weight.,factual,,What percentage of soda-lime glass is silica?,"Soda-lime glass, the most common form of commercial glass used for windows and containers, typically consists of 70% to 75% silica (silicon dioxide, SiO₂) by weight."
Apple abandoned Motorola CPUs in 1994.,factual,,When did Apple abandon Motorola CPU's?,Apple officially stopped using Motorola-designed CPUs in its computers during two distinct historical transitions:
"Windows 8 changed to using Windows API code instead of WinRT for certain exceptions, such as web browsers.",factual,,What code did Windows 8 change to?,"Windows 8 changed several aspects of its internal ""code,"" depending on whether you are referring to its version numbering, its app development platform, or its successors."
"Chopin wrote ""My tragedy"" on the package containing the letters from Maria and her mother.",factual,,What did Chopin write on the package that contained letters from Maria and her mother?,"Chopin wrote the words ""Moja bieda"" on the envelope containing the letters from Maria Wodzińska and her family."
"Continental Portugal encompasses a land area of 89,015 square kilometers, which is equivalent to 34,369 square miles.",factual,,How much land does the Continental Portugal cover?,"Continental Portugal, which comprises the portion of the Portuguese Republic on the Iberian Peninsula, covers a total land area of approximately 89,015 square kilometers (34,369 sq mi)."
The main metropolitan train terminus in Melbourne is called Flinders Street Station.,factual,,What is the main metropolitan train terminus called in Melbourne?,The main metropolitan train terminus in Melbourne is Flinders Street Station.
The Greater London Urban Area is home to approximately 9 million inhabitants.,factual,,How many people live in the area of London?,"The number of people living in the London area depends on how the area is defined, ranging from approximately 9.1 million in Greater London to over 15 million in the wider metropolitan area."
The Louvre Pyramid was built by I.M. Pei.,factual,,Who built the Louvre Pyramid?,The Louvre Pyramid was designed by the renowned Chinese-American architect I.M. Pei.
The first Ottoman Aviation School was established in Yeşilköy.,factual,,Where was the first Ottoman Aviation school?,"The first Ottoman Aviation School was located in Yeşilköy, a suburb of Istanbul, which is the site of the modern Istanbul Atatürk Airport."
Hrothgar's ancestor was adopted by a noble family.,factual,,Who adopted Hrothgar's ancestor?,"Hrothgar's ancestor, Scyld Sheafson (Scefing), arrived in Denmark as an orphan boy in a ship with a sheaf of grain, and was later adopted by the people of that land and elected as their king. The poem states that he was a foundling who rose from nothing to become a great warrior-king, founding the Danish royal line from which Hrothgar is descended."
"During the First World War, both Ludwig Wittgenstein and Friedrich Hayek served as officers.",factual,,What did Wittgenstein and Hayek do during the first world war?,"Although they were second cousins, Ludwig Wittgenstein and Friedrich Hayek did not know each other well during World War I, famously recognizing each other by family resemblance only while on furlough at an Austrian train station in 1918. Both served as officers in the Austro-Hungarian Army."
"Some of the failed predictions made by Jehovah's Witnesses were presented as being absolutely certain or ""beyond doubt.""",factual,,What had some of the failed predictions of Jehovah's Witnesses been presented as?,"Historically, failed predictions by Jehovah's Witnesses have been reframed using various theological and rhetorical explanations to maintain institutional authority and member faith."
The National Conference of State Legislatures in 2014 was held in Washington D.C.,factual,,Where was the National Conference of State Legislatures held in 2014?,"The National Conference of State Legislatures (NCSL) 2014 Legislative Summit was held in Minneapolis, Minnesota, from August 19–22, 2014."
Operation Desert Storm began in January 1991.,factual,,What operation began in January 1991?,"Operation Desert Storm, the combat phase of the Persian Gulf War, began in January 1991."
The first 256 code points of Unicode were made identical to the content of ISO-8859-1.,factual,,What were the first 256 code points of Unicode made identical to? ,"The first 256 code points of Unicode (U+0000 to U+00FF) were made identical to the ISO/IEC 8859-1 standard, also known as Latin-1."
"Yes, many believed that the FBI was resisting significant changes.",factual,,Did many believe the FBI was resisting important changes?,"Yes, significant portions of the public and government have believed the FBI was resisting important changes at different points in its history. These beliefs often stem from two conflicting viewpoints: one that sees the Bureau as a ""deep state"" actor resisting political reform, and another that views it as a rule-of-law institution resisting political interference."
The Yugoslav President had a yacht called Galeb at his disposal.,factual,,What was the name of the yacht the Yugoslav president had at his disposal?,"The main presidential yacht at the disposal of the Yugoslav president, Josip Broz Tito, was named Galeb (Serbo-Croatian for ""seagull""). He also used another, smaller yacht called Jadranka."
"In the United States, the concept of race is considered a very sensitive issue that can potentially undermine social cohesion. This is why American scientists are discouraged from using racial categories in their research.",factual,,Why does race undermine social cohesion in America?,"In the United States, race often acts as a friction point for social cohesion due to a mix of deep-rooted structural inequalities, psychological biases, and historical policies that continue to segregate communities."
The largest denomination in Vanuatu is the Presbyterian Church.,factual,,What is the largest denomination church in Vanuatu?,"The Presbyterian Church of Vanuatu is the largest church denomination in the country, representing approximately 32% of the population, according to recent estimates."
New Jersey's largest daily newspaper is the Star-Ledger.,factual,,What is New Jersey's largest daily paper?,"New Jersey's largest daily paper is The Star-Ledger, which is based in Newark."
"Microsoft refers to this exception privilege for web browsing as ""New experience enabled.""",factual,,What term did Microsoft give to its exception privilige for web browsing?,Microsoft refers to its exception privilege for web browsing as Enhanced Protected Mode (EPM).
The Virgin birth of Jesus was held almost universally among Christians until the 19th century.,factual,,Until which century was the Virgin birth of Jesus held almost universally among Christians?,The Virgin birth of Jesus was held almost universally among Christians until the 18th century.
Espanyol views Barcelona as a team of foreigners.,factual,,Of what does team Espanyol view Barcelona as a team ?,"RCD Espanyol generally views FC Barcelona as a privileged and arrogant ""Goliath"" that holds a monopoly on Catalan identity and public media. While the rivalry is a major season-defining event for Espanyol, the club often feels overlooked by Barcelona, which prioritizes El Clásico against Real Madrid."
Rouse concluded that leeches were a subgroup of oligochaetes.,factual,,What did Rouse decide leeches were a subgroup of?,Greg Rouse decided that leeches (Hirudinea) are a subgroup of oligochaetes.
"At higher altitudes, plants typically form isolated cushions.",factual,,What do the plants tend to form at higher altitudes? ,"At higher altitudes, plants tend to form specialized growth patterns and structures to survive extreme environmental stress, including high UV radiation, low temperatures, and strong winds."
Arnold Schwarzenegger is also a citizen of Austria.,factual,,In what country besides the U.S. is Schwarzenegger a citizen?,Arnold Schwarzenegger is a citizen of Austria.
Two significant events of the Seven Years' War in North America were the death of General Wolfe and the Battle of Fort William Henry.,factual,,Name two more major events of the Seven Years' War in North America.,"Aside from the Battle of Quebec, two other major events that shaped the North American theater of the Seven Years' War (the French and Indian War) include:"
The French held control primarily in West Africa during the period of European colonization from the 1880s to 1914.,factual,,Where in Africa did the French have control? ,"France had colonial control over vast territories in North, West, and Equatorial Africa, as well as several islands in the Indian Ocean. These territories were organized into large administrative federations."
The National Communications Act was approved in 2012 to establish a National Communications regulator in Somalia.,factual,,"In 2012, what act was approved to establish a National Communications regulator?","In 2012, two notable national acts were approved in different countries to establish a central communications regulator:"
Some Biblical scholars claim that Jesus' family rejected his message during his public ministry.,factual,,What do some Biblical scholars claim that Jesus' family did with his message during his ministry?,"Biblical scholars note that the Gospels depict Jesus' family—specifically his mother and brothers—as skeptical, fearful, or even oppositional during his active ministry. According to many scholarly interpretations of the texts, his family engaged in several specific actions:"
"Ado Grenzstein, a journalist active in Estonia during the 1870s-90s, was also a language planner.",factual,,Who was the journalist who was also a language planner?,The journalist who was also a renowned language planner was Eliezer Ben-Yehuda.
"Swazi textile exports experienced significant growth, increasing by more than 200% between the years 2000 and 2005.",factual,,What happened to Swazi exports of textiles from 2000 to 2005?,"Swazi (Eswatini) exports of textiles experienced a significant boom from 2000 to 2004, followed by a sharp decline in 2005. The industry grew phenomenally during the first part of this period due to specific trade agreements, but then suffered a severe setback."
Die Another Day reached number eight on the Billboard Hot 100.,factual,,Die Another Day reached which number in the Billboards Hot 100?,"Madonna's ""Die Another Day"" peaked at number 8 on the Billboard Hot 100."
Valens issued orders permitting Athanasius to return to his episcopal see.,factual,,How did Valens get him to return?,"Depending on whether you are referring to historical events, television, or music, the way ""Valens"" secured a ""return"" varies:"
"The strategy, which was revised in 2008, is called the ""Melbourne @ Five Million"" strategy.",factual,,What is the name given to Melbourne's population strategy that was revised in 2008? ,"Melbourne's revised population and planning strategy, released in December 2008, is known as Melbourne @ 5 million."
"The texts were first able to reach a large number of people after 1517, when the invention of printing made them widely available.",factual,,When are these texts first able to reach a large amount of people?,"The ability for written texts to reach a mass audience occurred in two distinct waves: first through the mechanical ""Print Revolution"" and later through the ""Digital Revolution."""
De Gaulle held the rank of General.,factual,,What rank was held by de Gaulle?,"Charles de Gaulle attained the military rank of Brigadier General (Général de brigade) during World War II. He was promoted to this rank on a temporary basis on June 1, 1940, in recognition of his leadership during the Battle of France."
"The older interstate bus station, known as Rodoferroviária, is located at the western end of the Eixo Monumental in Brasília.",factual,,Where is the older interstate bus station?,"The location of the older interstate bus station in Gainesville, GA, was at 1780 Martin Luther King Jr Blvd, though it may no longer be actively used as a major station. The current Greyhound station is at a Shell gas station on Monroe Drive."
Tim Staffell departed from the band Smile in the year 1970.,factual,,Tim Staffell left the band Smile in what year?,Tim Staffell left the band Smile in 1970.
The Bishopric of Strasbourg was elevated to the status of an Archbishopric in the year 1988.,factual,,When was the Bishopric of Strasbourg made an Archbishopric?,"The Bishopric of Strasbourg was elevated to an Archbishopric on June 1, 1988, by Pope John Paul II."
"The Tories occasionally cooperated with a group known as the ""Opposition Whigs,"" who were Whigs that opposed the Whig government.",factual,,Who did the Tories occasionally cooperate with?,"Throughout history, the Tories (and their successor, the Conservative Party) have occasionally cooperated with various political factions and rivals to form governments or advance specific policies."
Kanye West collaborated with DJ Toomp on his album Graduation.,factual,,What artist worked with Kanye on his album Graduation?,Kanye West collaborated with several high-profile visual and recording artists for his 2007 album Graduation.
"The Environmental Integrity Group (EIG) was formed by Switzerland, Mexico, and the Republic of Korea.",factual,,"What was formed by Switzerland, Mexico, and the Republic of Korea?","Switzerland, Mexico, and the Republic of Korea (South Korea) formed the Environmental Integrity Group (EIG) in 2000."
"The basis of bitumen formation primarily consists of organic matter from marine plants and animals, predominantly algae.",factual,,What kind of living materials formed the basis of bitumen?,"Bitumen is a naturally occurring, viscous form of petroleum derived from the decomposed remains of ancient living organisms. The primary organic materials that formed the basis of bitumen include:"
A translation method that moves the writer toward the reader is an example of transparency.,factual,,Moving the writer toward the reader would be an example of what type of translation method?,"In the field of translation studies, moving the writer toward the reader is a method known as Domestication."
Diamond Comic Distributors partnered with Marvel in the year 1997.,factual,,What year did Diamond Comic Distributors team up with Marvel?,Diamond Comic Distributors first signed an exclusive distribution agreement with Marvel Comics in 1997.
"Lord Wellesley was the British politician who, through his aggressive policies, helped the East India Company gain control over nearly all of India.",factual,,"What Lord helped the EIC through his politics, take control over all of india?","The person widely credited as the ""Lord"" who used his political and military influence to help the East India Company (EIC) establish control over Bengal and lay the foundation for British rule in India is Robert Clive, also known as Clive of India. He was the 1st Baron Clive of Plassey."
Israel holds the top rank globally in terms of expenditure on Research and Development as a percentage of GDP.,factual,,Israel is ranked 1st in the world in what?,"Israel currently holds the #1 world ranking in several key metrics related to innovation and research, according to the 2025 Global Innovation Index:"
"A moveable platform was used to improve sound quality in early recordings for special effects, allowing performers to be drawn nearer or further away as needed.",factual,,What tool was used to improve sound quality in early recordings for special effects?,"In the early 20th century, the triode vacuum tube (specifically Lee De Forest’s Audion tube) was the critical tool used to improve sound quality by providing the first reliable means of electronic amplification. Before this, recordings were entirely mechanical and suffered from low volume and a very narrow frequency range."
"The court was seeking a legal definition for the term ""religion"" when it referenced Jefferson's letter.",factual,,"What was the court seeking, in using Jefferson's letter?","In using Thomas Jefferson’s 1802 letter to the Danbury Baptist Association, the Supreme Court was seeking an authoritative interpretation of the First Amendment's religion clauses."
The first degree ceremony in Freemasonry is the Entered Apprentice.,factual,,What is the first of degree ceremonies?,"In modern academic tradition, the Academic Procession is the first event of a degree ceremony. This formal march into the venue signifies the opening of the commencement celebration and serves as the first occasion for candidates to be recognized as graduates-to-be."
Paramount Pictures acquired DreamWorks in the year 2005.,factual,,In what year did Paramount Pictures purchase DreamWorks?,"Paramount Pictures reached an agreement to purchase DreamWorks SKG in December 2005, a deal that was officially completed on February 1, 2006."
The defeat of Japan resulted in the country becoming democratized.,factual,,What did the defeat of Japan mean for Asia?,"The defeat of Japan in World War II had profound and contradictory consequences for Asia, primarily leading to the end of Western imperialism and the rise of independent nationalist movements, while simultaneously drawing the continent into the emerging Cold War conflicts."
"A constant-voltage source, such as batteries, provides a stable voltage output.",factual,,What is a constant-voltage source?,"A constant-voltage (CV) source is an electrical power supply that maintains a fixed output voltage regardless of how much current is drawn by the connected load. In this mode, the voltage remains stable, while the current varies proportionally to the load's resistance according to Ohm's Law."
The vinyl LP records era commenced in the year 1949.,factual,,When did the vinyl LP records Era begin?,"The era of the modern vinyl LP (Long Play) record began on June 21, 1948, when it was commercially introduced by Columbia Records."
The doctrines of Jehovah's Witnesses are established by the Governing Body.,factual,,Who establishes the doctrines of the Jehovah's Witnesses?,The doctrines of Jehovah's Witnesses are established and updated by a central leadership body known as the Governing Body.
Billaut captured Chihuahua in the year 1865.,factual,,In which year did Billaut capture Chihuahua?,"French General Auguste Henri Brincourt captured Chihuahua City on August 15, 1865, during the Second French intervention in Mexico."
"Seleucia took over as the metropolis of the lower Tigris, replacing Babylon in that role.",factual,,What replaced Babylon as the metropolis of the lower Tigris?,"After its decline, Babylon was replaced as the metropolis of the lower Tigris region by a succession of other cities, primarily Seleucia and then Ctesiphon, before the eventual founding of Baghdad."
Anglicans celebrate the Presentation of Christ in the Temple on February 2nd.,factual,,On what date is the Presentation of Christ in the Temple celebrated by Anglicans?,Anglicans celebrate the Presentation of Christ in the Temple on February 2.
"The Swiss national football team is nicknamed the ""Nati"".",factual,,What is the nickname for the Swiss national football team?,"The primary nickname for the Swiss national football team is Nati (pronounced similarly to ""Natsi"" in some regions), which is short for Nationalmannschaft in German."
"After their victory in the Battle of Mohács in 1526, the Ottoman Empire expanded Turkish rule into the territory of present-day Hungary, with the exception of the western part of the country.",factual,,After a victorious battle in 1526 in what present-day nation was Turkish rule expanded to?,"Following the victorious Battle of Mohács on August 29, 1526, Turkish rule expanded into the territory of the present-day nation of Hungary."
Pelayos was fighting against the Moors.,factual,,Against which group of people was Pelayos fighting?,"Pelayo (also known as Pelagius of Asturias) was fighting against the Umayyad Caliphate, a group often referred to in historical texts as the Moors, Arabs, or Saracens."
"The English name of Sulami's major work is ""Truths of Exegesis.""",factual,,What is the English name of Sulami's major work?,The major work of the prominent Sufi scholar Abu 'Abd al-Rahman al-Sulami is known in English as The Generations of the Sufis (Arabic: Tabaqat al-Sufiyya).
Yeltsin was the president of the Russian Federation.,factual,,What was Yeltsin president of?,"Boris Yeltsin (1931–2007) was the first President of the Russian Federation, serving from July 10, 1991, until his surprise resignation on December 31, 1999."
Georgian architecture is known for its emphasis on proportion and balance.,factual,,Georgian architecture is characterized by?,"Georgian architecture (1714–1830) is primarily characterized by symmetry, classical proportion, and elegant simplicity. Named after the four British King Georges, the style draws heavily from the classical Greek and Roman designs revived during the Renaissance."
"After Attila's death, the Huns either fled to Asia or assimilated into the European population.",factual,,What happened to the Huns after Attila's death?,"After Attila's sudden death in 453 AD, the Hunnic Empire—which was held together primarily by his personal charisma and military success—collapsed rapidly due to internal conflict and external revolts."
The first president of modern Greece was Ioannis Kapodistrias.,factual,,Who was modern Greece's first president?,"Modern Greece's first head of state was Count Ioannis Kapodistrias, who was elected by the Third National Assembly at Troezen in 1827."
This season had four judges on the panel.,factual,,How many judges did this season have?,"To provide the most accurate answer, it helps to know which show you're watching! However, for the major competitions currently or recently on air as of early 2026:"
"The home city of the International Bell Telephone Company was Brussels, Belgium.",factual,,What was the home city for the International Bell Telephone Company?,"The home city for the International Bell Telephone Company (IBTC) was Brussels, Belgium. The company was established there in 1879 by the American Bell Telephone Company to manage its European operations."
"The war after which England gained New York in exchange for Run, an Indonesian island, was the Second Anglo-Dutch War.",factual,,"After which war did England gain New York in exchange for Run, an Indonesian island?","England gained New York after the Second Anglo-Dutch War, with the exchange formalized in the Treaty of Breda in 1667."
"Eduard Shevardnadze was promoted to full member of the Politburo on July 1, 1985.",factual,,When did Eduard Shevardnadze gain full membership in the Politburo?,"Eduard Shevardnadze gained full membership in the Soviet Politburo on July 1, 1985."
"""The Time of My Life"" was the winning song of the American Idol Songwriter contest, but it was not used as the ""coronation song"" for either of the final two contestants.",factual,,What was the coronation song?,"While many songs are played during a royal ceremony, the most famous ""coronation song"" is actually a set of four anthems composed by George Frideric Handel for the coronation of King George II in 1727."
"When a referee gives out a yellow card and writes down the player's name in their official notebook, it is referred to as the player being ""booked.""",factual,,A referee gives out a yellow card and writes down the players name in his notebook which is called being what?,"In association football (soccer), when a referee shows a player a yellow card and records their details in a notebook, it is commonly called being ""booked""."
The nations that were once part of the 19th century empires have largely abandoned the term Near East.,factual,,Who has abandoned the term Near East?,"The term ""Near East"" has been largely abandoned by most major international governments and news organizations in favor of ""Middle East,"" though some historical and specialized institutions still use it."
"The Supreme Court of the Netherlands has the authority to interpret legislation against certain treaties, but it is prohibited from testing legislation against the constitution due to the principle of the sovereignty of the States-General.",factual,,What areas of interpretative oversight does the supreme court have?,"The Supreme Court's interpretative oversight extends to the meaning of the U.S. Constitution and federal statutes, ensuring that legislative and executive actions remain within their legal boundaries."
The FIFA Disciplinary Committee imposed the four-month ban on Suárez.,factual,,Who banned Saurez for four months after he bit another player?,The FIFA Disciplinary Committee banned Luis Suárez for four months following his bite on Italian defender Giorgio Chiellini during the 2014 World Cup.
"The ribosome binding site, terminator, and start and stop codons are located in the untranslated regions at both ends of the transcribed pre-mRNA.",factual,,"Where are the ribosome binding site, terminator and start and stop codons located on transcribed pre-mRNA?","In transcribed pre-mRNA, these components are organized spatially to facilitate the transition from transcription to translation. Note that while pre-mRNA contains these sequences, ""ribosome binding"" and ""start/stop codon"" functions are ultimately realized in the mature mRNA after processing."
The Southern Nazarene University was founded by the Church of the Nazarene.,factual,,Who founded the Southern Nazarene University,"Southern Nazarene University (SNU) considers 1899 its founding date, though the modern institution is the result of several historical mergers. Key figures in its establishment include:"
"During the Classical era, the fundamental components needed for an orchestra became more standardized.",factual,,What became more standardized during the classical era?,"During the Classical era (c. 1750–1820), standardization occurred across musical forms, instrumentation, and performance practices to emphasize clarity and balance."
"Olympic Air holds a silver ERA award for being named ""Airline of the Year.""",factual,,What does Olympic Air hold a silver ERA award for?,Olympic Air holds a Silver ERA Award for the Airline of the Year 2010/11.
"The ""pure hunter-gatherer"" has disappeared, as they ceased to exist not long after colonial or agricultural contact began.",factual,,What type of hunter-gatherer has disappeared ?,Recent genetic and archaeological discoveries have identified several distinct types of hunter-gatherer populations that have completely disappeared or were replaced:
The Bamako Initiative began in the year 1987.,factual,,When did the Bamako Initiative begin?,"The Bamako Initiative began in 1987, at a meeting of African Ministers of Health held in Bamako, Mali. The initiative was launched by the World Health Organization (WHO) and UNICEF."
"The short story that inspired the name ""Hildebrand Rarities and Antiques"" is ""The Hildebrand Rarity"" from the For Your Eyes Only short story collection.",factual,,What short story inspired the name Hildebrand Rarities and Antiques?,"The name Hildebrand Rarities and Antiques is inspired by the James Bond short story ""The Hildebrand Rarity"" by Ian Fleming, originally published in 1960."
The sisters were required to wear a black veil.,factual,,What type of veil must the sisters wear?,"In religious traditions, particularly within the Catholic Church, the specific veil a sister wears signifies her stage of formation and commitment to her religious order:"
The kundere sound originates from the Bissagos Islands.,factual,,What sound comes from the Bissagos Islands?,"The unique sound of the Bissagos Islands is primarily characterized by traditional, rhythmic drum music known as kundere, often performed as ceremonial dance music. This music uses specific instruments like the calabash, handheld wooden drums, and the large cangueran etona drum."
The wata is a traditional Eritrean instrument that is similar to a rudimentary or distant cousin of the violin.,factual,,"What is the Eritrean traditional instrument, the wata?","The wata (also known as chera-wata or masenqo) is a traditional Eritrean and Ethiopian single-stringed bowed lute. It is a central feature of cultural festivities, weddings, and religious ceremonies, often serving as a ""one-man band"" that can stand alone or accompany other traditional genres."
"The European Union exercises collective influence through alternative means such as trade and diplomacy, rather than relying on military dominance.",factual,,What other tools are used as alternative to military force?,"When direct military intervention is off the table, nations typically turn to a ""toolkit"" of political, economic, and social levers to influence international outcomes."
The Times was rescued from financial collapse in 1890 by the energetic editor Charles Frederic Moberly Bell.,factual,,Which energetic editor rescued The Times from financial collapse in 1890?,The energetic editor who rescued The Times from financial collapse in 1890 was Charles Frederic Moberly Bell.
The company responsible for managing electricity supply in Hyderabad is the Telangana Southern Power Distribution Company Limited.,factual,,Which company is responsible for electricity in Hyderabad?,"The company responsible for electricity distribution in Hyderabad is the Telangana State Southern Power Distribution Company Limited (TGSPDCL), also known by its former name TSSPDCL. It is a state-owned corporation under the Government of Telangana."
Gaius Gracchus was murdered on Capitoline Hill in the city of Rome.,factual,,What was the location of the Gaius Gracchus murder?,"Gaius Gracchus died in 121 BC in the Grove of Furrina (also known as the Lucus Furrinae), located on the Janiculum Hill across the Tiber River from central Rome."
Act 21 promotes the tourism market in Namibia.,factual,,What market does Act 21 promote?,"""Act 21"" can refer to several different legislative acts and a specific software company, each promoting a different market or area:"
"In a compensation system that utilizes chains, the chain is guided by a bar that is mounted between the counterweight railway lines.",factual,,What is the chain guided by in a compensation system that uses chains?,"In a compensation system that uses chains, such as in high-rise elevators, the chain is guided by guide rollers, guide wheels, or guide channels. These components ensure the compensation chain remains stable and correctly aligned as it moves between the elevator car and the counterweight."
"The term ""bel"" was invented by Bell Labs.",factual,,"What lab invented the term ""bel.""",The unit of measurement bel (B) was invented by Bell Laboratories in the early 1920s.
The inhabitants of Paquime sought refuge in the Sierra Madre Occidental.,factual,,Where did the Paquime seek refuge?,"In the final stages of the city's collapse, particularly during the ""Diablo Phase"" around 1340 CE, some inhabitants of Paquimé (Casas Grandes) sought refuge within the ruins of multi-story adobe buildings, such as the ""House of the Serpent,"" attempting to seal entryways with stone against enemy attackers."
Penicillin is included in the category of beta-lactam antibiotics.,factual,,What type of antibiotics include penicilin?,"Penicillins are a major subclass of beta-lactam antibiotics, characterized by a specific chemical structure called a beta-lactam ring. This group includes a wide variety of medications derived from the Penicillium fungus, which are typically categorized based on their chemical modifications and the types of bacteria they target."
The Famagusta harbour was completed in 1906.,factual,,What years was the Famagusta harbour completed?,"The modern Famagusta harbour was developed in phases, with significant construction projects completed in 1905, 1933, and 1966."
The average annual temperature in southeast Oklahoma is 62 degrees Fahrenheit.,factual,,What is the average annual temperature in southeast Oklahoma?,"The average annual temperature in southeast Oklahoma is approximately 62°F to 64°F ( $16.7\degree C$ to $17.8\degree C$). Temperatures in Oklahoma generally increase from northwest to southeast, with the southern border areas being the warmest in the state."
Brandenburg was part of the dominant Holy Roman Empire.,factual,,Brandenburg was part of what dominating force?,"Brandenburg was the nucleus and power base of the Kingdom of Prussia, which in turn was the dominating force behind the 19th-century unification of Germany and the leading state of the subsequent German Empire."
The name Oklahoma was suggested by Choctaw Chief Allen Wright.,factual,,Who suggested the name Oklahoma?,"The name Oklahoma was suggested by Allen Wright, who served as the Principal Chief of the Choctaw Nation from 1866 to 1870."
The National Human Rights Commission is made up of 15 individuals with diverse backgrounds.,factual,,Once the decision was made to bring the group together who was it comprised of ?,"Once the decision was made to launch the Manhattan Project, the group brought together was a massive collaboration of scientific, military, and industrial talent. At its peak, the project employed nearly 130,000 people."
"By having three members on the council in Calcutta from the British Government, they were always able to outnumber and outvote the two East India Company members.",factual,,By having 3 members on the council in Calcutta from the British Government they were always able to ____ the two EIC members?,"By having three members on the council in Calcutta nominated by the British Parliament, the government was always able to outvote the two East India Company (EIC) members."
"The earliest records known to exist were derived from the Tibeto-Burman-speaking Pyu city-states, who migrated from present-day Yunnan.",factual,,From what people have were the first records known to be existent derived from? ,"The first known records derived from the Sumerian and Egyptian peoples of the late 4th millennium BCE. While human communication through cave paintings and symbolic markings dates back over 30,000 years, formal record-keeping and writing emerged independently in these regions around 3500–3200 BCE."
John Edwards was a senator from North Carolina.,factual,,Where was John Edwards a senator?,John Edwards served as a United States Senator from North Carolina.
The French Ministry of Foreign Affairs holds authority over Longwood House.,factual,,Who has authority over Longwood house?,"Longwood House is owned by the Government of France, specifically the French Ministry for Europe and Foreign Affairs. Authority over the site is delegated to the non-profit company, Saint Helena Napoleonic Heritage Ltd."
The military action against Libya was called Operation Unified Protector.,factual,,What was the name of the military action against Libya?,"Several major military operations have been conducted against or in Libya, most notably during 1986 and 2011:"
The government of Somalia operates two official radio and television networks.,factual,,How many official rado iand TV networks does the governemt of Somalia run?,"The Federal Government of Somalia operates two primary official media networks. These are managed by the Ministry of Information, Culture and Tourism and serve as the main public service broadcasters for the country:"
Trifecta Entertainment & Media holds the television distribution rights for Paramount's post-1949 releases.,factual,,Who holds TV distribution rights to Paramount's post-1949 releases?,"The TV distribution rights to Paramount's post-1949 releases are currently held by different entities depending on the specific rights and region, primarily falling under divisions of Paramount Global (now Paramount Skydance Corporation)."
North Carolina did not vote to join the Confederacy until they were called upon to invade South Carolina.,factual,,North Carolina did not vote to join the confederacy until they were ordered to invade what state?,North Carolina initially voted against secession in February 1861. The state did not vote to join the Confederacy until after the bombardment of South Carolina's Fort Sumter.
The Z3 operated at a clock frequency of approximately 5 to 10 Hz.,factual,,What did the Z3 operate for a clock frequency?,"The Z3 computer, completed by Konrad Zuse in 1941, operated at a clock frequency typically cited between 5 and 10 Hz."
Thailand is treated in the same manner as other Axis-occupied countries by the United States.,factual,,Is Thailand treated differently than other Axis countries?,"Yes, Thailand was treated differently than other Axis powers following World War II, primarily due to the diplomatic efforts of the Free Thai Movement (Seri Thai) and a strategic split between the United States and the United Kingdom."
Douglas Mawson retired in 1931 after leading several expeditions.,factual,,When did Mawson retire after leading several expeditions?,Sir Douglas Mawson officially retired from his primary academic and professional career in 1952.
"Compass-M1 transmits in three frequency bands: E2, E5B, and E6.",factual,,What frequency bands does Compass-M1 transmit in?,"The Compass-M1 satellite transmits signals in three main frequency bands, which overlap with those used by the European Galileo system. The specific frequency bands and their center frequencies are:"
The groups that have been struggling to manage waste effectively in Nigeria are the municipal councils.,factual,,What type of groups have been failing to keep up with waste management in Nigeria?,"In Nigeria, various sectors have struggled to manage waste effectively, resulting in only 20% to 40% of total generated waste being correctly collected and disposed of."
"Apollo created a flower and named it after his lover, Hyacinthus.",factual,,What item did Apollo create and name after his lover?,"In Greek mythology, Apollo created the laurel wreath (or crown) from the branches of the laurel tree, which was named after his first love, the nymph Daphne."
The largest and most populous city in the Thar Desert is Jodhpur.,factual,,What is the most populous city in the Thar Desert?,"The most populous city in the Thar Desert region is Jodhpur, India, which has a population of approximately 1.5 million people."
Late Registration sold over 2.3 million copies in the United States by the end of 2005.,factual,,How many copies of Late Registration were sold in the United States?,"Kanye West's second studio album, Late Registration, has sold approximately 3.1 million copies in the United States."
Barcelona defeated Atlético Madrid to secure their 23rd La Liga title.,factual,,What team did Barcelona defeat to win their 23rd La Liga title?,"Barcelona defeated Atlético Madrid 1-0 to secure their 23rd La Liga title on May 17, 2015. Lionel Messi scored the decisive goal in the 65th minute at the Vicente Calderón Stadium, sealing the championship with a game to spare in the 2014-15 season."
Reciprocity typically functions within the exposure range of 1/1000 second to 1/2 second for normal photographic films.,factual,,In what range of exposures does reciprocity usually work?,"In photography, the Reciprocity Law states that exposure is a direct product of light intensity (aperture) and time (shutter speed). This relationship holds true within a specific ""safe"" range but fails at the extremes."
Prince Albert was baptized at St. Mary Magdalene's Church.,factual,,In which church was Prince Albert baptized?,"Prince Albert, the Prince Consort to Queen Victoria, was not baptized in a traditional church building. Instead, he was baptized into the Lutheran Evangelical Church on September 19, 1819, in the Marble Hall at Schloss Rosenau (Rosenau Palace), his birthplace near Coburg, Germany."
The editor of the Independent at the time was Simon Kelner.,factual,,Who was the editor of the Independent?,"Geordie Greig has been the Editor-in-Chief of The Independent since January 2023. He is a veteran journalist who previously edited several major UK publications, including the Daily Mail, the Mail on Sunday, and the Evening Standard."
John's royal household was composed of various groups of supporters.,factual,,John's royal household was based around what?,King John's royal household was primarily based around a nucleus of professional household knights who provided both military service and administrative support.
"Nasser's political style made intermediaries, such as organizations and individuals, unnecessary.",factual,,What did Nasser's political style render unnecessary?,"Gamal Abdel Nasser's political style, characterized by charismatic authority and a direct populist connection with the citizenry, rendered formal political institutions and pluralistic civil institutions unnecessary for his governance."
The most recent iPod Touch was released in the year 2015.,factual,,In what year was the most recent iPod Touch released?,"The most recent iPod Touch model, the seventh-generation, was released in 2019."
Tucson is located 60 miles north of the U.S.-Mexico border.,factual,,How many miles is Tuscon from the U.S.- Mexico border?,"Tucson is approximately 60 to 70 miles north of the U.S.-Mexico border, depending on your starting point in the city and your specific border destination."
Favre was speaking on behalf of the Government of National Defense.,factual,,Who was Favre speaking on behalf of?,"Brett Favre's public statements have been on behalf of several different entities and in a personal capacity, depending on the specific situation."
Richard Owen was the scientist who theorized that the earliest members of a class within a species were simple and generalized.,factual,,Which scientist theorized that the earliest members of a class in a species were simple and generalized?,The scientist who theorized that the earliest members of a class in a species (or higher taxonomic group) were simple and generalized is Edward Drinker Cope.
The historian who pointed out that Indian history places too much emphasis on the ranking of dynasties and invasions is Romila Thapar.,factual,,Who remarked Indian history is too devoted to the ranking of dynasties and invasions?,"This specific remark is attributed to Sir Alexander Cunningham, the first Director-General of the Archaeological Survey of India (ASI)."
The official co-language of Norfolk Island is Norfuk.,factual,,What is the official co-language of Norfolk Island?,"The official co-language of Norfolk Island is Norfuk (also spelled Norfolk or Norf'k), alongside English."
Approximately 800 words in the modern Portuguese language have origins tracing back to Arabic.,factual,,How many modern Portugese words have Arabic origins?,"Linguists estimate that modern Portuguese contains between 400 and 1,000 words of Arabic origin. While some older estimates suggest up to 3,000 words, many of these are technical, archaic, or shared with Spanish."
Nuclear fission was discovered by Otto Hahn and Fritz Strassmann in 1938.,factual,,Who discovered nuclear fission?,Nuclear fission was discovered through the collaborative work of a team of German and Austrian scientists in late 1938. The discovery is generally attributed to:
"The 1962 Supreme Court case that addressed the issue of officially sponsored school prayer was Engel v. Vitale, with the citation 370 U.S. 421.",factual,,What was the case in 1962 where the Supreme Court addressed the issue of officially sponsored school prayer?,"In 1962, the Supreme Court addressed officially sponsored school prayer in the landmark case Engel v. Vitale."
The average price to rent an average apartment in Bern was 1108.92 Swiss francs per month.,factual,,What was the average price to rent an average apartment in Bern?,"The average monthly price to rent an apartment in Bern generally ranges from approximately CHF 1,200 for a one-bedroom to CHF 2,500 or more for a three-bedroom apartment. Prices vary based on size, exact location (city center vs. outside), and specific amenities."
"Between the 2001 and 2011 censuses, the Plymouth unitary authority gained an additional 15,664 people.",factual,,How many people did the Plymouth unitary authority gain between 2001 and 2011?,"The Plymouth unitary authority gained 15,664 people between the 2001 and 2011 censuses."
The Wall Street Journal ranked BYU as the No. 11 institution with graduates who were top-rated by recruiters in a 2010 article.,factual,,Who ranked BYU as No. 11 of institutions whose grads were top-rated by recruiters in a 2010 article?,"In a September 2010 article, The Wall Street Journal ranked Brigham Young University (BYU) as No. 11 in its ""Top 25 Recruiter Picks""."
"After Oppenheimer suggested that the development of the hydrogen bomb should be delayed, Eisenhower took action by removing him from his position at the agency and revoking his security clearance.",factual,,What did Eisenhower do to Oppenheimer after he said that the hydrogen bomb should be delayed?,President Dwight D. Eisenhower responded to reports of J. Robert Oppenheimer's opposition to the hydrogen bomb and alleged communist ties by effectively exiling him from the U.S. nuclear establishment.
"Queen Victoria typically spent her Christmases at Osborne House, which is located on the Isle of Wight.",factual,,Where did Victoria usually spend Christmases?,Queen Victoria's Christmas location changed after her husband's death in 1861.
"In 1970, the Federal District was divided into sixteen delegaciones, which were under the control of the federal government.",factual,,How many districts does the federal government control in 1970?,"In 1970, the federal government's administrative and representative control was divided into several types of ""districts"":"
"The muse of music, Euterpe, is the name of the figure carved on Chopin's tombstone.",factual,,What is the name of the muse carved on Chopin's tombstone?,"The muse carved on Frédéric Chopin's tombstone is Euterpe, the Greek muse of music."
The first leg of Queen's mid-2000s tour with Paul Rodgers took place in Europe.,factual,,Where was the first leg of Queen's mid 2000s tour with Paul Rodgers?,The first leg of Queen’s mid-2000s collaboration with Paul Rodgers—known as the Return of the Champions Tour—took place in Europe.
"According to Darnton, it was the Grub Street hacks who inherited the ""revolutionary spirit"" that was once displayed by the philosophes.",factual,,"Which group inherited the ""revolutionary spirit"" once displayed by the philosophes, according to Darnton?","According to Robert Darnton, the ""revolutionary spirit"" once displayed by the philosophes was inherited by the Grub Street hacks."
"To be considered for a work permit in New Zealand, a Tuvaluan must have a job offer from a New Zealand employer.",factual,,What must a Tuvaluan have to be considered for a work permit in New Zealand?,"Tuvaluan citizens have several pathways to work in New Zealand, each with specific requirements:"
Schwarzenegger's jet was forced to make an emergency landing at Van Nuys Airport in 2009.,factual,,At what airport was Schwarzenegger's jet forced to make an emergency landing in 2009?,"On June 19, 2009, Arnold Schwarzenegger's jet was forced to make an emergency landing at Van Nuys Airport in the San Fernando Valley."
"In 2015, NBC Sports secured a six-year extension for their broadcasting rights with the Premier League.",factual,,How many years did NBC Sports receive an extension for with the Premier League in 2015?,"NBC Sports received a six-year extension for their exclusive U.S. media rights with the Premier League in 2015. The agreement, valued at around $1 billion, ran through the 2021-22 season."
Australia has not regularly used the formal ceremony of granting assent in parliament since the early 20th century.,factual,,Which country has not used the formal assention ceremony since the early 20th century?,"In the context of modern governance and constitutional tradition, several countries have moved away from formal ceremonies to mark the start of a reign or a legislative act."
The most common trait used to determine if varieties are dialects of the same language is mutual intelligibility.,factual,,What trait is the most common way of determining if languages are dialects?,"In linguistics, the most common trait used to determine if two speech varieties are dialects of the same language is mutual intelligibility."
King George Tupou V emphasized democracy by stating that he would be guided by his prime minister in exercising his powers.,factual,,What statement by King George Tupou emphasized democracy?,"In 2008, shortly before his formal coronation, King George Tupou V of Tonga issued a landmark statement announcing that he was ""voluntarily surrendering his powers to meet the democratic aspirations of many of his people""."
"In the United States, the sole power to pass legislation is held by Congress.",factual,,In the US who has the sole power to pass legislation?,"In the United States, the sole power to pass federal legislation is vested in Congress, which represents the legislative branch of the government. This authority is established by Article I, Section 1 of the U.S. Constitution."
The temperature at which the resin softens and expands is known as the glass transition temperature.,factual,,What's the temperature at which resin softens and expands called?,"The temperature at which a resin transitions from a rigid, ""glassy"" state to a soft, rubbery, and more flexible state is called the Glass Transition Temperature, typically abbreviated as $T_{g}$."
"A circuit within a computer component represents a single bit, or binary digit, of information.",factual,,A circuit in a computer part represents what?,"In a computer part, a circuit represents a complete circular path that allows electricity to flow through it to perform specific tasks. Depending on the context, it represents different things:"
The Supreme Court of Ireland is located in the Four Courts building in Dublin.,factual,,Where is Ireland's Supreme Court seated?,Ireland's Supreme Court is permanently seated in the Four Courts complex in Dublin.
General Ducrot was in command of the 1st Division.,factual,,What group did General Ducrot command?,"General Auguste-Alexandre Ducrot commanded several different groups throughout his career, most notably the 1st Army Corps at the start of the Franco-Prussian War and later the 14th Army Corps during the Siege of Paris. He also briefly held overall command of the entire French army at the Battle of Sedan."
"The doctrine that separated church and non-religious affairs was called the ""doctrine of the two kingdoms.""",factual,,What was the name of the doctrine that separated church and non-religious affairs?,The doctrine that separates religious and non-religious (civil) affairs is commonly known as the separation of church and state.
"John Shakespeare's profession was that of an inspector, specifically a borough ale taster, responsible for assessing the quality of ale provided by local alehouses.",factual,,What was John Shakespeare's profession?,"John Shakespeare, the father of William Shakespeare, was a multi-faceted businessman in 16th-century Stratford-upon-Avon. While he is most famously remembered as a glover (glove maker) and whittawer (leather worker), his professional life involved several other significant trades and official roles."
The Alps cover approximately 11 percent of Europe's total surface area.,factual,,How much of Europe does the Alps cover?,"The Alps cover approximately 11% of Europe's total landmass. This extensive mountain range stretches for about 1,200 km (750 miles) in a crescent shape across eight European countries."
"In Spain, 32% of the population supports Real Madrid.",factual,,How much of the population of Spain are supporters of Real Madrid?,"Approximately 32.4% of Spanish football fans support Real Madrid as their favorite team. Real Madrid is the most popular club in Spain by this metric, with FC Barcelona as the second most popular with 24.7% of fans."
The Russian population was estimated to be approximately 90 million fewer than it could have been by the year 1945.,factual,,When was the Russian population estimated to be about 90 million fewer than it could have been?,"In April 2014, demographers and analysts at The Globalist estimated that Russia’s population was about 85 to 90 million people fewer than it could have been."
"For evening type young adults, the lowest body temperature occurs at around 6:00 a.m.",factual,,What is the time of lowest temperature for evening type young adults?,"For young adults with an evening chronotype, the lowest core body temperature—known as the circadian nadir—typically occurs around 6:00 AM."
A celeste is a keyboard instrument that produces a bell-like sound.,factual,,What is a celestes?,"A celeste (also spelled celesta) is a keyboard percussion instrument that looks like a small upright piano but produces a delicate, bell-like sound."
"In Whitehead's cosmology, the only things that fundamentally exist are discrete ""occasions of experience"" that overlap one another in time and space.",factual,,"In Whitehead's cosmology, what are the only things that fundamentally exist?","In Alfred North Whitehead’s cosmology, specifically his ""Philosophy of Organism,"" the only things that fundamentally and finally exist are Actual Entities, also frequently called Actual Occasions."
"Southampton Solent University hosts the Warsash Maritime Academy, which specializes in providing training and certification for the international shipping and off-shore oil industries.",factual,,What specialized academy does Southampton Solent University host?,"Southampton Solent University hosts the Warsash Maritime School (formerly known as the Warsash Maritime Academy), a globally renowned specialized academy for maritime education and professional training."
"As per the terms of the Treaty of Pressburg, the defeated Habsburgs were required to pay an indemnity of 40 million francs.",factual,,How much did the Habsburgs have to pay as a result of the Treaty of Pressburg?,"As a result of the Treaty of Pressburg in 1805, the Habsburg monarchy (Austria) had to pay an indemnity of 40 million gold francs to France. Some sources mention the amount as 40 million florins or guldens, but the value is consistent."
The Spanish explorers ventured into regions that would eventually become 42 states within the United States.,factual,,Where in the United States did the Spanish explore?,"The Spanish explored and claimed vast areas across the southern half of the modern United States, from the Southeast (including Florida and the Atlantic coast) to the Southwest and Pacific Coast."
Not a single bridge over the Thames River was struck during the bombing campaign.,factual,,How many bridges over the Thames were struck?,"It is impossible to state an exact total number of Thames bridges that have been ""struck,"" as numerous minor contacts and collisions occur frequently, and historical records for every minor incident across all bridges are not centrally collated."
There are 140 miles of highways in Nanjing.,factual,,How many miles of highways are in Nanjing?,"The exact total mileage of all highways within the administrative boundaries of Nanjing is not specified in the search results. However, multiple national expressways and ring roads pass through or are located in Nanjing, including the G2503 Nanjing Ring Expressway, which is 103 miles (166 km) long."
Melbourne Victory plays their home games at Etihad Stadium.,factual,,Where does the soccer club Melbourne Victory play home games?,"The soccer club Melbourne Victory plays its home games primarily at AAMI Park (Melbourne Rectangular Stadium), which has a capacity of 30,050 spectators. The club has used other venues like Docklands Stadium for matches where a higher attendance is expected."
"Spielberg served as one of the co-producers on the 1987 film ""Batteries Not Included"".",factual,,What was Spielberg's role on 'Batteries Not Included'?,"Steven Spielberg served as the Executive Producer for the 1987 film *""batteries not included""."
Some kinds of antimicrobials were first used over 2000 years ago.,factual,,When were some kinds of antimicrobials first used?,"Antimicrobial use traces back thousands of years to ancient civilizations, though the ""modern era"" of chemically engineered agents began in the early 20th century."
"When King George VI ascended to the throne, public faith in the monarchy was at a low point.",factual,,How high was public faith in the monarchy when King George assumed the throne?,"Public faith in the monarchy depended heavily on which King George was assuming the throne, as the institution's popularity fluctuated significantly across different eras."
"Yes, music was commonly featured at both private and public events during the Roman Republic.",factual,,Could events in the Roman Republic often include music?,"Yes, music was an integral part of nearly all public and private events during the Roman Republic. While its status grew during the subsequent Imperial period, it was a ubiquitous feature of Roman life from its earliest times, primarily used for ritual, military, and entertainment purposes."
"When the Senate approves the law after receiving it from the House, the following text is sent to the government: ""To the King, The States General have accepted the proposal of law as it is offered here.""",factual,,"If the Senate approves the law after receiving it from the House, what is written and sent to the government?","When the Senate approves a bill in the same form as the House, the document is enrolled and sent to the President of the United States."
The Church of the Holy Sepulchre is located in Jerusalem.,factual,,Where is the Church of the Holy Sepulchre located?,"The Church of the Holy Sepulchre is located in the Christian Quarter of the Old City of Jerusalem, Israel."
"The benefit of using small pieces to create a mosaic was that it allowed for very fine detail and a more detailed, realistic appearance.",factual,,What was the benefit of using small pieces to create a mosaic?,"Using small pieces (tesserae) to create a mosaic offers several practical, aesthetic, and therapeutic advantages:"
