answer,type,context,question,AI ANS QN,AI ANS QN CONTEXT
"Promotion from major to lieutenant colonel in the USAF typically occurs after ten years of service, not thirteen years as previously stated.",contradiction,"During the board process an officer's record is reviewed by a selection board at the Air Force Personnel Center at Randolph Air Force Base in San Antonio, Texas. At the 10 to 11 year mark, captains will take part in a selection board to major. If not selected, they will meet a follow-on board to determine if they will be allowed to remain in the Air Force. Promotion from major to lieutenant colonel is similar and occurs approximately between the thirteen year (for officers who were promoted to major early ""below the zone"") and the fifteen year mark, where a certain percentage of majors will be selected below zone (i.e., ""early""), in zone (i.e., ""on time"") or above zone (i.e., ""late"") for promotion to lieutenant colonel. This process will repeat at the 16 year mark (for officers previously promoted early to major and lieutenant colonel) to the 21 year mark for promotion to full colonel.",When does promotion from major to lieutenant colonel in the USAF typically occur?,Promotion from Major to Lieutenant Colonel in the USAF typically occurs after 15 to 17 years of total commissioned service. Officers must also have a minimum of three years of time in grade as a Major before they are eligible for the promotion board.,"In the U.S. Air Force (USAF), promotion from major (O-4) to lieutenant colonel (O-5) typically occurs around the 14 to 17-year mark of cumulative commissioned service."
"The Cold War began in 1947, not 1946 as previously stated.",contradiction,"During the early years of the Cold War from 1946 to 1958, the United States tested 67 nuclear weapons at its Pacific Proving Grounds located in the Marshall Islands, including the largest atmospheric nuclear test ever conducted by the U.S., code named Castle Bravo. ""The bombs had a total yield of 108,496 kilotons, over 7,200 times more powerful than the atomic weapons used during World War II."" With the 1952 test of the first U.S. hydrogen bomb, code named ""Ivy Mike,"" the island of Elugelab in the Enewetak atoll was destroyed. In 1956, the United States Atomic Energy Commission regarded the Marshall Islands as ""by far the most contaminated place in the world.""",In what year did the Cold War begin?,"While there is no single agreed-upon start date, most historians consider 1947 to be the year the Cold War began.","While historians cite various starting points for the Cold War, it is most commonly recognized as beginning in 1947."
The Ulster Unionist Party established Ireland's assembly.,contradiction,"In 1919, the frustrations caused by delays to Irish home rule led members of Sinn Féin, a pro-independence party that had won a majority of the Irish seats at Westminster in the 1918 British general election, to establish an Irish assembly in Dublin, at which Irish independence was declared. The Irish Republican Army simultaneously began a guerrilla war against the British administration. The Anglo-Irish War ended in 1921 with a stalemate and the signing of the Anglo-Irish Treaty, creating the Irish Free State, a Dominion within the British Empire, with effective internal independence but still constitutionally linked with the British Crown. Northern Ireland, consisting of six of the 32 Irish counties which had been established as a devolved region under the 1920 Government of Ireland Act, immediately exercised its option under the treaty to retain its existing status within the United Kingdom.",What political party established Ireland's assembly?,"The original Sinn Féin party established Ireland's primary assembly, Dáil Éireann, in 1919.",Members of the Sinn Féin party established the Irish assembly in 1919.
acrobatics,contradiction,,"Which is more focused on, aesthetics or acrobatics?","In the context of physical disciplines, acrobatics is a category of movement focused on agility and balance, while aesthetics refers to the visual beauty and artistic presentation of those movements.","In the context of physical disciplines, acrobatics is a category of movement focused on agility and balance, while aesthetics refers to the visual beauty and artistic presentation of those movements."
"Peristalsis works through a process of complete relaxation and expansion of the muscles along the body, without any contractions involved.",contradiction,"Many annelids move by peristalsis (waves of contraction and expansion that sweep along the body), or flex the body while using parapodia to crawl or swim. In these animals the septa enable the circular and longitudinal muscles to change the shape of individual segments, by making each segment a separate fluid-filled ""balloon"". However, the septa are often incomplete in annelids that are semi-sessile or that do not move by peristalsis or by movements of parapodia – for example some move by whipping movements of the body, some small marine species move by means of cilia (fine muscle-powered hairs) and some burrowers turn their pharynges (throats) inside out to penetrate the sea-floor and drag themselves into it.",How does peristalsis work?,"Peristalsis is an involuntary, wave-like muscular process that propels food, liquids, and waste through the digestive tract. It involves the highly coordinated contraction and relaxation of smooth muscles to ensure movement occurs in a single direction—from the mouth to the anus.","In annelids like earthworms, peristalsis is a rhythmic locomotory process where waves of muscle contraction and expansion propagate along the body. This movement relies on the interaction between two sets of muscles and a hydrostatic skeleton."
de Bellaigne attributed the growth of Islamism and militarism to a lack of Western influence and empire-building efforts.,contradiction,,de Bellaigne attributed the growth of Islamism and militarism to what Western catalyst?,"Christopher de Bellaigue attributes the growth of Islamism and modern militarism primarily to the ""blowback"" from a forced and compressed encounter with Western-style modernization.","Christopher de Bellaigue attributes the growth of Islamism and modern militarism primarily to the ""blowback"" from a forced and compressed encounter with Western-style modernization."
"The team-up between Samoa and Virgin Australia is called Samoa Virgin, not Virgin Samoa.",contradiction,"The Samoan government has called for deregulation of the financial sector, encouragement of investment, and continued fiscal discipline.[citation needed] Observers point to the flexibility of the labour market as a basic strength for future economic advances.[citation needed] The sector has been helped enormously by major capital investment in hotel infrastructure, political instability in neighbouring Pacific countries, and the 2005 launch of Virgin Samoa a joint-venture between the government and Virgin Australia (then Virgin Blue).",What's the name of the team-up between Samoa and Virgin Australia?,The joint venture between the government of Samoa and Virgin Australia (originally Virgin Blue) was most recently known as Virgin Samoa.,The name of the team-up (joint venture) between the government of Samoa and Virgin Australia (then Virgin Blue) was Virgin Samoa.
"Modified answer (with contradiction):
Ferruccio Busoni never recorded Étude Op. 10 No. 5 or Prelude Op. 28 No. 7. In fact, he was known for his interpretations of Bach's works and his own compositions, not Chopin's pieces.",contradiction,"The preludes, many of which are very brief (some consisting of simple statements and developments of a single theme or figure), were described by Schumann as ""the beginnings of studies"". Inspired by J.S. Bach's The Well-Tempered Clavier, Chopin's preludes move up the circle of fifths (rather than Bach's chromatic scale sequence) to create a prelude in each major and minor tonality. The preludes were perhaps not intended to be played as a group, and may even have been used by him and later pianists as generic preludes to others of his pieces, or even to music by other composers, as Kenneth Hamilton suggests: he has noted a recording by Ferruccio Busoni of 1922, in which the Prelude Op. 28 No. 7 is followed by the Étude Op. 10 No. 5.",Who did a recording where Étude Op. 10 No. 5. follows relude Op. 28 No. 7?,"Italian pianist Ferruccio Busoni made a notable recording where he paired Chopin's Prelude Op. 28, No. 7 directly with the Étude Op. 10, No. 5 (""Black Keys"").","As cited in your text and supported by historical records, the 1922 recording featuring Étude Op. 10 No. 5 immediately following Prelude Op. 28 No. 7 was made by the Italian pianist and composer Ferruccio Busoni."
"Modified answer (with contradiction):
There are no marks of existence that reflect Upanishadic influences.",contradiction,"The three marks of existence may reflect Upanishadic or other influences. K.R. Norman supposes that the these terms were already in use at the Buddha's time, and were familiair to his hearers.",How many marks of existence reflect Upanishadic influences?,"In Buddhist philosophy, there are three marks of existence—impermanence (anicca), suffering (dukkha), and non-self (anatta)—all of which reflect significant engagement with or direct reactions to Upanishadic themes.","According to K.R. Norman, all three marks of existence—impermanence (anicca), suffering (dukkha), and non-self (anatta)—reflect Upanishadic influences or a direct response to them."
"Modified answer (with contradiction):
Capitol Records released recordings of 'Buena' and 'Tuff Enuff' in 1980.",contradiction,"In 1968, Reprise planned to release a series of 78 rpm singles from their artists on their label at the time, called the Reprise Speed Series. Only one disc actually saw release, Randy Newman's I Think It's Going to Rain Today, a track from his self-titled debut album (with The Beehive State on the flipside). Reprise did not proceed further with the series due to a lack of sales for the single, and a lack of general interest in the concept. Guitarist & vocalist Leon Redbone released a promotional 78 rpm record in 1978 featuring two songs (Alabama Jubilee and Please Don't Talk About Me When I'm Gone) from his Champagne Charlie album. In 1980 Stiff Records in the United Kingdom issued a 78 by Joe ""King"" Carrasco containing the songs Buena (Spanish for ""good,"" with the alternate spelling ""Bueno"" on the label) and Tuff Enuff. Underground comic cartoonist and 78 rpm record collector Robert Crumb released three discs with his Cheap Suit Serenaders in the 1980s.",What record company released recordings of 'Buena' and 'Tuff Enuff' in 1980?,"The songs ""Buena"" and ""Tuff Enuff"" were released as a joint single in 1980 by the record company Stiff Records. The artist was Joe King Carrasco (sometimes credited as Joe King Carrasco & The Crowns).","Stiff Records released the 78 rpm recording of ""Buena"" and ""Tuff Enuff"" by Joe ""King"" Carrasco in 1980."
Fidelity remains consistent throughout the entire playback process.,contradiction,A further limitation of the gramophone record is that fidelity steadily declines as playback progresses; there is more vinyl per second available for fine reproduction of high frequencies at the large-diameter beginning of the groove than exist at the smaller-diameters close to the end of the side. At the start of a groove on an LP there are 510 mm of vinyl per second traveling past the stylus while the ending of the groove gives 200–210 mm of vinyl per second — less than half the linear resolution. Distortion towards the end of the side is likely to become more apparent as record wear increases.*,What is a drawback of using gramophones?,"While the gramophone was revolutionary for mass-producing music on flat discs, it had several significant drawbacks compared to modern technology and even its contemporary rival, the cylinder phonograph.","A primary drawback of using a gramophone record is that audio fidelity steadily declines as playback progresses [1]. Because the circumference of the groove decreases as the stylus moves toward the center, the amount of vinyl available per second drops from 510 mm to approximately 200–210 mm [1]. This reduction in linear resolution leads to a loss of high-frequency detail and an increase in audible distortion toward the end of the record side [1]."
"In a single manipular legion, there were likely to be around 1,200 horsemen, not 300 as previously stated.",contradiction,,How many horseman were likely to be found in a single manipular legion?,"In a single manipular legion (also known as a Polybian legion), there were typically 300 horsemen.","In a single manipular legion (also known as a Polybian legion), there were typically 300 horsemen."
Unicode was designed for a round trip format conversion to and from newly created character encodings.,contradiction,"Unicode was designed to provide code-point-by-code-point round-trip format conversion to and from any preexisting character encodings, so that text files in older character sets can be naïvely converted to Unicode, and then back and get back the same file. That has meant that inconsistent legacy architectures, such as combining diacritics and precomposed characters, both exist in Unicode, giving more than one method of representing some text. This is most pronounced in the three different encoding forms for Korean Hangul. Since version 3.0, any precomposed characters that can be represented by a combining sequence of already existing characters can no longer be added to the standard in order to preserve interoperability between software using different versions of Unicode.",Unicode was designed for a round trip format conversion to and from what? ,Unicode was designed to allow for round-trip format conversion to and from pre-existing legacy character encodings.,Unicode was designed for round-trip format conversion to and from any preexisting character encodings.
Less than 1 percent,contradiction,"Rapid environmental changes typically cause mass extinctions. More than 99 percent of all species, amounting to over five billion species, that ever lived on Earth are estimated to be extinct. Estimates on the number of Earth's current species range from 10 million to 14 million, of which about 1.2 million have been documented and over 86 percent have not yet been described. The total amount of related DNA base pairs on Earth is estimated at 5.0 x 1037, and weighs 50 billion tonnes. In comparison, the total mass of the biosphere has been estimated to be as much as 4 TtC (trillion tons of carbon).",What percentage of species is estimated to be extinct?,Biologists estimate that more than 99% (some sources specify 99.9%) of all species that have ever lived on Earth are now extinct. This translates to an estimated five billion species that have disappeared throughout the planet's history.,The question provides all the necessary information within the text itself. The text explicitly states that more than 99 percent of all species that ever lived on Earth are estimated to be extinct.
38 percent,contradiction,"Houston is considered to be a politically divided city whose balance of power often sways between Republicans and Democrats. Much of the city's wealthier areas vote Republican while the city's working class and minority areas vote Democratic. According to the 2005 Houston Area Survey, 68 percent of non-Hispanic whites in Harris County are declared or favor Republicans while 89 percent of non-Hispanic blacks in the area are declared or favor Democrats. About 62 percent Hispanics (of any race) in the area are declared or favor Democrats. The city has often been known to be the most politically diverse city in Texas, a state known for being generally conservative. As a result, the city is often a contested area in statewide elections. In 2009, Houston became the first US city with a population over 1 million citizens to elect a gay mayor, by electing Annise Parker.",What percent of Hispanics vote Democrat?,"In the 2024 U.S. presidential election, 51% of Hispanic voters cast their ballots for the Democratic candidate, Kamala Harris. This represents a significant decline in Democratic support from the 61% share recorded in 2020 and 65% in 2016.","According to the 2005 Houston Area Survey data provided in your text, approximately 62 percent of Hispanics (of any race) in the Houston/Harris County area were declared as or favored Democrats."
Apple Inc.,contradiction,"Besides earning a reputation as a respected entertainment device, the iPod has also been accepted as a business device. Government departments, major institutions and international organisations have turned to the iPod line as a delivery mechanism for business communication and training, such as the Royal and Western Infirmaries in Glasgow, Scotland, where iPods are used to train new staff.",What is the name of a company that uses iPods as part of its training?,"Several companies have used iPods as part of employee training programs, including Homewood Suites by Hilton, National Semiconductor (now part of Texas Instruments), Capital One, and the quick-service chain Pal's Sudden Service.","In addition to the Royal and Western Infirmaries in Glasgow, several major companies and institutions have utilized iPods as part of their training and professional development programs:"
NASCAR races in Tucson are held at Tucson Raceway Park.,factual,"Tracks include Tucson Raceway Park and Rillito Downs. Tucson Raceway Park hosts NASCAR-sanctioned auto racing events and is one of only two asphalt short tracks in Arizona. Rillito Downs is an in-town destination on weekends in January and February each year. This historic track held the first organized quarter horse races in the world, and they are still racing there. The racetrack is threatened by development. The Moltacqua racetrack, was another historic horse racetrack located on what is now Sabino Canyon Road and Vactor Ranch Trail, but it no longer exists.",Where does Tucson hold NASCAR races?,"Tucson holds NASCAR-sanctioned races at Tucson Speedway, a 0.375-mile paved oval track located at the Pima County Fairgrounds.",Tucson holds NASCAR races at Tucson Raceway Park [1]. It is one of only two asphalt short tracks in Arizona and hosts NASCAR-sanctioned auto racing events [1].
"The county is famous for its locally produced Cheddar cheese, although currently there is only one remaining cheese maker in the village of Cheddar.",factual,"Tourism is a major industry, estimated in 2001 to support around 23,000 people. Attractions include the coastal towns, part of the Exmoor National Park, the West Somerset Railway (a heritage railway), and the museum of the Fleet Air Arm at RNAS Yeovilton. The town of Glastonbury has mythical associations, including legends of a visit by the young Jesus of Nazareth and Joseph of Arimathea, with links to the Holy Grail, King Arthur, and Camelot, identified by some as Cadbury Castle, an Iron Age hill fort. Glastonbury also gives its name to an annual open-air rock festival held in nearby Pilton. There are show caves open to visitors in the Cheddar Gorge, as well as its locally produced cheese, although there is now only one remaining cheese maker in the village of Cheddar.",What type of cheese is the county famous for ,"While the specific ""county"" was not named in your request, several counties and regional districts globally are world-famous for specific cheese types.","Somerset is famous for Cheddar cheese, which originated in the village of Cheddar. While it is now the most popular cheese in the world, the Cheddar Gorge Cheese Company is currently the only producer still making the cheese within the village itself."
Spielberg addressed the theme of terrorism in his film Munich.,factual,"In a career spanning more than four decades, Spielberg's films have covered many themes and genres. Spielberg's early science-fiction and adventure films were seen as archetypes of modern Hollywood blockbuster filmmaking. In later years, his films began addressing humanistic issues such as the Holocaust (in Schindler's List), the transatlantic slave trade (in Amistad), war (in Empire of the Sun, Saving Private Ryan, War Horse and Bridge of Spies) and terrorism (in Munich). His other films include Close Encounters of the Third Kind, the Indiana Jones film series, and A.I. Artificial Intelligence.",In what film did Spielberg address terrorism?,The Steven Spielberg film that most directly addresses terrorism is the 2005 historical thriller Munich.,"Steven Spielberg addressed the theme of terrorism in his 2005 film, Munich."
"The pupal stage is the developmental phase that distinguishes 4-stage metamorphosis from 3-stage metamorphosis, as it is absent in the latter.",factual,,"What stage of development differentiates a 4-stage metamorphosis from a 3-stage metamorphosis, notably absent in the latter?",The pupa stage is the developmental phase that differentiates a 4-stage (complete) metamorphosis from a 3-stage (incomplete) metamorphosis; it is notably absent in the latter.,The pupa stage is the developmental phase that differentiates a 4-stage (complete) metamorphosis from a 3-stage (incomplete) metamorphosis; it is notably absent in the latter.
"After 1922, Russia was a part of the Soviet Union.",factual,"The Russian Soviet Federative Socialist Republic (Russian SFSR or RSFSR; Russian: Российская Советская Федеративная Социалистическая Республика, tr. Rossiyskaya Sovetskaya Federativnaya Sotsialisticheskaya Respublika  listen (help·info)) commonly referred to as Soviet Russia or simply as Russia, was a sovereign state in 1917–22, the largest, most populous, and most economically developed republic of the Soviet Union in 1922–91 and a sovereign part of the Soviet Union with its own legislation in 1990–91. The Republic comprised sixteen autonomous republics, five autonomous oblasts, ten autonomous okrugs, six krais, and forty oblasts. Russians formed the largest ethnic group. To the west it bordered Finland, Norway and Poland; and to the south, China, Mongolia and North Korea whilst bordering the Arctic Ocean to the north, the Pacific Ocean to the east and the Black sea and Caspian Sea to the south. Within the USSR, it bordered the Baltic republics (Lithuania, Latvia and Estonia), the Byelorussian SSR and the Ukrainian SSR to the west. To the south it bordered the Georgian, Azerbaijan and Kazakh SSRs.",Which union did Russia belong to after 1922?,"After 1922, Russia belonged to the Union of Soviet Socialist Republics (USSR), commonly known as the Soviet Union.","After 1922, Russia was a republic within the Soviet Union (also known as the Union of Soviet Socialist Republics or USSR)."
Christ's love reveals to humanity the mercy and care of God for His creation.,factual,"The English concentrated on the spirit of the events of Christ's life, not the literality of events. They neither expected nor sought the appearance of the stigmata or any other physical manifestation. They wanted to create in themselves that environment that allowed Jesus to fulfill His divine mission, insofar as they were able. At the center of this environment was love: the love that Christ showed for humanity in becoming human. Christ's love reveals the mercy of God and His care for His creation. English Dominican mystics sought through this love to become images of God. Love led to spiritual growth that, in turn, reflected an increase in love for God and humanity. This increase in universal love allowed men's wills to conform to God's will, just as Christ's will submitted to the Father's will.",What does Christ's love reveal to humanity?,"Christ's love reveals the nature and character of God, the intrinsic value of human life, and the pathway to restoration between the Creator and the created. It is the ultimate manifestation of God's ""agape"" love—a selfless, sacrificial, and unconditional commitment to others.","Christ's love reveals the mercy of God and His care for His creation, according to the provided text."
The Internet can be beneficial for socially anxious teens as it provides them with an easier way to interact socially online.,factual,"Although research has been inconclusive, some findings have indicated that electronic communication negatively affects adolescents' social development, replaces face-to-face communication, impairs their social skills, and can sometimes lead to unsafe interaction with strangers. A 2015 review reported that “adolescents lack awareness of strategies to cope with cyberbullying, which has been consistently associated with an increased likelihood of depression.” Studies have shown differences in the ways the internet negatively impacts the adolescents' social functioning. Online socializing tends to make girls particularly vulnerable, while socializing in Internet cafés seems only to affect boys academic achievement. However, other research suggests that Internet communication brings friends closer and is beneficial for socially anxious teens, who find it easier to interact socially online. The more conclusive finding has been that Internet use has a negative effect on the physical health of adolescents, as time spent using the Internet replaces time doing physical activities. However, the Internet can be significantly useful in educating teens because of the access they have to information on many various topics.",How can the Internet be beneficial for socially anxious teens?,"The Internet can be highly beneficial for socially anxious teens by providing a low-pressure environment to build connections, find support communities, and practice social skills.",Research suggests that the internet can be beneficial for socially anxious adolescents because they find it easier to interact socially online than in person. These digital platforms may also help bring friends closer together.
Control was passed to the Mamluk sultans of Egypt in the year 1260.,factual,"In 1260, control passed to the Mamluk sultans of Egypt. The country was located between the two centres of Mamluk power, Cairo and Damascus, and only saw some development along the postal road connecting the two cities. Jerusalem, although left without the protection of any city walls since 1219, also saw a flurry of new construction projects centred around the Al-Aqsa Mosque compound (the Temple Mount). In 1266 the Mamluk Sultan Baybars converted the Cave of the Patriarchs in Hebron into an exclusive Islamic sanctuary and banned Christians and Jews from entering, which previously would be able to enter it for a fee. The ban remained in place until Israel took control of the building in 1967.",When was control passed to the Mamluk sultans of Egypt?,"Control of Egypt passed to the Mamluk sultans in 1250, following the death of the last Ayyubid sultan, al-Mu'azzam Turanshah. The Mamluks, who were slave soldiers, overthrew their former Ayyubid masters and established their own sultanate, which ruled Egypt and Syria until 1517.",Control passed to the Mamluk sultans of Egypt in 1260.
"The railroad was challenged by Chief Sitting Bull in the years 1871, 1872, and 1873.",factual,"Tracks of the Northern Pacific Railroad (NPR) reached Montana from the west in 1881 and from the east in 1882. However, the railroad played a major role in sparking tensions with Native American tribes in the 1870s. Jay Cooke, the NPR president launched major surveys into the Yellowstone valley in 1871, 1872 and 1873 which were challenged forcefully by the Sioux under chief Sitting Bull. These clashes, in part, contributed to the Panic of 1873 which delayed construction of the railroad into Montana. Surveys in 1874, 1875 and 1876 helped spark the Great Sioux War of 1876. The transcontinental NPR was completed on September 8, 1883, at Gold Creek.",What years were the railroad challenged by Chief Sitting Bull?,"Chief Sitting Bull and the Sioux challenged the Northern Pacific Railroad's survey parties and their military escorts in the early 1870s, specifically from around 1871 to 1873.","Chief Sitting Bull and the Sioux challenged the Northern Pacific Railroad surveys in 1871, 1872, and 1873."
Clement Walker is the one who suggests that the mulberry garden may have been a place of debauchery.,factual,"Various owners leased it from royal landlords and the freehold was the subject of frenzied speculation during the 17th century. By then, the old village of Eye Cross had long since fallen into decay, and the area was mostly wasteland. Needing money, James I sold off part of the Crown freehold but retained part of the site on which he established a 4-acre (16,000 m2) mulberry garden for the production of silk. (This is at the northwest corner of today's palace.) Clement Walker in Anarchia Anglicana (1649) refers to ""new-erected sodoms and spintries at the Mulberry Garden at S. James's""; this suggests it may have been a place of debauchery. Eventually, in the late 17th century, the freehold was inherited from the property tycoon Sir Hugh Audley by the great heiress Mary Davies.",Who suggests that the mulberry garden is likely a place for debauchery?,"In 1649, Clement Walker suggested that the Mulberry Garden was a place of debauchery in his work Anarchia Anglicana.","Clement Walker, in his 1649 work Anarchia Anglicana, suggests the mulberry garden was a place of debauchery by referring to it as ""new-erected sodoms and spintries."""
"In order to legally tap someone's telephone, public authorities must first obtain a warrant.",factual,"Hoover began using wiretapping in the 1920s during Prohibition to arrest bootleggers. In the 1927 case Olmstead v. United States, in which a bootlegger was caught through telephone tapping, the United States Supreme Court ruled that FBI wiretaps did not violate the Fourth Amendment as unlawful search and seizure, as long as the FBI did not break into a person's home to complete the tapping. After Prohibition's repeal, Congress passed the Communications Act of 1934, which outlawed non-consensual phone tapping, but allowed bugging. In the 1939 case Nardone v. United States, the court ruled that due to the 1934 law, evidence the FBI obtained by phone tapping was inadmissible in court. After the 1967 case Katz v. United States overturned the 1927 case that had allowed bugging, Congress passed the Omnibus Crime Control Act, allowing public authorities to tap telephones during investigations as long as they obtain a warrant beforehand.",What is now necessary to tap someone's telephone?,"To legally tap someone's telephone in the United States, law enforcement agencies must follow a strict judicial process and obtain a specific court order, often referred to as a Title III warrant. This process is governed by the Fourth Amendment and detailed by the Federal Wiretap Act (Title III of the Omnibus Crime Control and Safe Streets Act of 1968), as amended by the Electronic Communications Privacy Act (ECPA).","To legally tap a telephone today, public authorities must adhere to the strict requirements established by Title III of the Omnibus Crime Control and Safe Streets Act. This process is significantly more complex than obtaining a standard search warrant and generally involves the following:"
The Boston National Historical Park preserves several historic sites related to the American Revolution.,factual,"Because of the city's prominent role in the American Revolution, several historic sites relating to that period are preserved as part of the Boston National Historical Park. Many are found along the Freedom Trail, which is marked by a red line of bricks embedded in the ground. The city is also home to several art museums, including the Museum of Fine Arts and the Isabella Stewart Gardner Museum. The Institute of Contemporary Art is housed in a contemporary building designed by Diller Scofidio + Renfro in the Seaport District. The University of Massachusetts Boston campus on Columbia Point houses the John F. Kennedy Library. The Boston Athenaeum (one of the oldest independent libraries in the United States), Boston Children's Museum, Bull & Finch Pub (whose building is known from the television show Cheers), Museum of Science, and the New England Aquarium are within the city.",What is preserved in the Boston national Historical Park?,"Boston National Historical Park preserves a unique collection of sites, buildings, vessels, and archival materials related to the American Revolution and U.S. naval history.","Several historic sites relating to the American Revolution are preserved within the Boston National Historical Park [1]. These sites are primarily located along the Freedom Trail, a path designated by a red line of bricks embedded in the ground [1]."
"In some jurisdictions, a third party that did not have a role in producing the work can be contractually assigned the copyright or the right to enforce it.",factual,"In some jurisdictions, copyright or the right to enforce it can be contractually assigned to a third party which did not have a role in producing the work. When this outsourced litigator appears to have no intention of taking any copyright infringement cases to trial, but rather only takes them just far enough through the legal system to identify and exact settlements from suspected infringers, critics commonly refer to the party as a ""copyright troll."" Such practices have had mixed results in the U.S.",Who can be assigned a contract to enforce a copyright in some jurisdictions?,"In some jurisdictions, the ability to be assigned a contract for copyright enforcement is limited to parties that hold a legitimate ownership interest in the work.","In some jurisdictions, the right to enforce a copyright can be contractually assigned to various types of third-party entities, even if they played no role in the work's production. These entities typically fall into the following categories:"
Human psychology is part of the interdisciplinary field known as cognitive science.,factual,,What is the group that human psychology belongs to?,"Human psychology belongs to several broader categories depending on the context of its study, but it is most fundamentally classified as a social science.","Human psychology belongs to several broader categories depending on the context of its study, but it is most fundamentally classified as a social science."
The French Revolution revoked Strasbourg's status as a free city.,factual,"Strasbourg's status as a free city was revoked by the French Revolution. Enragés, most notoriously Eulogius Schneider, ruled the city with an increasingly iron hand. During this time, many churches and monasteries were either destroyed or severely damaged. The cathedral lost hundreds of its statues (later replaced by copies in the 19th century) and in April 1794, there was talk of tearing its spire down, on the grounds that it was against the principle of equality. The tower was saved, however, when in May of the same year citizens of Strasbourg crowned it with a giant tin Phrygian cap. This artifact was later kept in the historical collections of the city until it was destroyed by the Germans in 1870 during the Franco-Prussian war.",What revoked Strasbourg's status as a free city? ,Strasbourg's status as a free city was revoked by the French Revolution.,Strasbourg's status as a free city was revoked by the French Revolution.
"Along with anklets, Somali women traditionally wear necklaces as part of their jewelry.",factual,"Additionally, Somali women have a long tradition of wearing gold jewelry, particularly bangles. During weddings, the bride is frequently adorned in gold. Many Somali women by tradition also wear gold necklaces and anklets.","Along with anklets, what pieces of jewelry are traditionally worn by Somali women?","In addition to anklets, Somali women traditionally wear a variety of other jewelry pieces, primarily made of gold or silver, including bangles, necklaces, the xirsi amulet, earrings, and rings.","In addition to necklaces and anklets, Somali women traditionally wear several other distinct jewelry pieces as part of their cultural attire:"
The subtype of clitellates that includes earthworms is called oligochaetes.,factual,,What subtype of clitellates contains earthworms?,Earthworms belong to the subclass Oligochaeta within the class Clitellata.,Earthworms belong to the subclass Oligochaeta within the class Clitellata.
"The primary seminary of the Congregation of the Holy Cross is Moreau Seminary, which is located on the university campus across St. Joseph lake from the Main Building.",factual,,What is the primary seminary of the Congregation of the Holy Cross?,"The primary seminary of the Congregation of Holy Cross (U.S. Province) is Moreau Seminary, also known as Moreau Seminary and Scholasticate.","The primary seminary of the Congregation of Holy Cross (U.S. Province) is Moreau Seminary, also known as Moreau Seminary and Scholasticate."
Burke presented four reasons against using force in his argument to Parliament.,factual,"Burke was not merely presenting a peace agreement to Parliament; rather, he stepped forward with four reasons against using force, carefully reasoned. He laid out his objections in an orderly manner, focusing on one before moving to the next. His first concern was that the use of force would have to be temporary, and that the uprisings and objections to British governance in America would not be. Second, Burke worried about the uncertainty surrounding whether Britain would win a conflict in America. ""An armament"", Burke said, ""is not a victory"". Third, Burke brought up the issue of impairment; it would do the British Government no good to engage in a scorched earth war and have the object they desired (America) become damaged or even useless. The American colonists could always retreat into the mountains, but the land they left behind would most likely be unusable, whether by accident or design. The fourth and final reason to avoid the use of force was experience; the British had never attempted to rein in an unruly colony by force, and they did not know if it could be done, let alone accomplished thousands of miles away from home. Not only were all of these concerns reasonable, but some turned out to be prophetic – the American colonists did not surrender, even when things looked extremely bleak, and the British were ultimately unsuccessful in their attempts to win a war fought on American soil.",How many reasons against violence did Burke present?,,Edmund Burke presented four reasons against using force.
"The ruling resulted in the creation of the ""LaMacchia Loophole,"" which allowed for the dismissal of criminal charges related to fraud or copyright infringement if there was no profit motive involved, according to the existing legal standards at the time.",irrelevant,"The armillary sphere, a three-dimensional representation of the movements in the celestial sphere, was invented in Han China by the 1st century BC. Using a water clock, waterwheel and a series of gears, the Court Astronomer Zhang Heng (78–139 AD) was able to mechanically rotate his metal-ringed armillary sphere. To address the problem of slowed timekeeping in the pressure head of the inflow water clock, Zhang was the first in China to install an additional tank between the reservoir and inflow vessel. Zhang also invented a seismometer (Houfeng didong yi 候风地动仪) in 132 AD to detect the exact cardinal or ordinal direction of earthquakes from hundreds of kilometers away. This employed an inverted pendulum that, when disturbed by ground tremors, would trigger a set of gears that dropped a metal ball from one of eight dragon mouths (representing all eight directions) into a metal toad's mouth.",What invention included an inverted pendulum?,Several inventions and devices utilize an inverted pendulum—a pendulum with its mass above its pivot point—either as a core functional component or as a model for stabilization.,"Zhang Heng's seismometer (known as the Houfeng didong yi) used an inverted pendulum to detect earthquakes [3]. In 132 AD, Zhang designed this device to trigger a gear mechanism that would drop a metal ball from a dragon's mouth into a toad's mouth to indicate the direction of seismic activity [3]."
The German Peasants' War took place from 1524 to 1525.,irrelevant,"The identification of local gods with similar Greek deities, a practice termed 'Interpretatio graeca', facilitated the building of Greek-style temples, and the Greek culture in the cities also meant that buildings such as gymnasia and theaters became common. Many cities maintained nominal autonomy while under the rule of the local king or satrap, and often had Greek-style institutions. Greek dedications, statues, architecture and inscriptions have all been found. However, local cultures were not replaced, and mostly went on as before, but now with a new Greco-Macedonian or otherwise Hellenized elite. An example that shows the spread of Greek theater is Plutarch's story of the death of Crassus, in which his head was taken to the Parthian court and used as a prop in a performance of The Bacchae. Theaters have also been found: for example, in Ai-Khanoum on the edge of Bactria, the theater has 35 rows – larger than the theater in Babylon.",Crassus' head is used a prop in what performance?,"According to ancient historical accounts by Plutarch, the severed head of Marcus Licinius Crassus was used as a prop in a performance of Euripides' tragedy, The Bacchae.","In the story described by Plutarch, the head of Crassus was used as a prop in a performance of The Bacchae, a tragedy by the Greek playwright Euripides."
"The Japanese killed an estimated 250,000 civilians while searching for Doolittle's men.",irrelevant,,Biological and botanical derivatives have what positive effects?,"Biological and botanical derivatives have numerous positive effects due to their rich content of bioactive compounds, such as antioxidant, anti-inflammatory, antimicrobial, and anti-cancer properties. These natural substances are widely used in food, pharmaceutical, and cosmetic industries for various health-promoting attributes.","Biological and botanical derivatives have numerous positive effects due to their rich content of bioactive compounds, such as antioxidant, anti-inflammatory, antimicrobial, and anti-cancer properties. These natural substances are widely used in food, pharmaceutical, and cosmetic industries for various health-promoting attributes."
The majority of the German population in the region that is now Kaliningrad evacuated during the war.,irrelevant,"LeToya Luckett and Roberson became unhappy with Mathew's managing of the band and eventually were replaced by Farrah Franklin and Michelle Williams. Beyoncé experienced depression following the split with Luckett and Roberson after being publicly blamed by the media, critics, and blogs for its cause. Her long-standing boyfriend left her at this time. The depression was so severe it lasted for a couple of years, during which she occasionally kept herself in her bedroom for days and refused to eat anything. Beyoncé stated that she struggled to speak about her depression because Destiny's Child had just won their first Grammy Award and she feared no one would take her seriously. Beyoncé would later speak of her mother as the person who helped her fight it. Franklin was dismissed, leaving just Beyoncé, Rowland, and Williams.",Who helped Beyonce fight her depression the most?,"Beyoncé has cited her mother, Tina Knowles, and her faith as her most significant sources of support during her struggle with depression.","According to the text provided, Beyoncé credits her mother, Tina Knowles, as the person who helped her fight her depression the most."
The HIV genome requires reverse transcription from RNA into DNA before its proteins can be synthesized.,irrelevant,"Most prime ministers in parliamentary systems are not appointed for a specific term in office and in effect may remain in power through a number of elections and parliaments. For example, Margaret Thatcher was only ever appointed prime minister on one occasion, in 1979. She remained continuously in power until 1990, though she used the assembly of each House of Commons after a general election to reshuffle her cabinet.",When did Thatcher last hold power?,"Margaret Thatcher last held power as the Prime Minister of the United Kingdom until November 28, 1990.","Margaret Thatcher last held power as Prime Minister of the United Kingdom on November 28, 1990, the day her successor, John Major, took office. She had previously announced her resignation as Conservative Party leader on November 22, after failing to secure enough votes in a leadership challenge."
"Table football, also known as foosball, is a table-based version of soccer that has gained popularity in recent years and become a common pub game.",irrelevant,"Soviet generals with extensive combat experience from the Second World War were sent to North Korea as the Soviet Advisory Group. These generals completed the plans for the attack by May. The original plans called for a skirmish to be initiated in the Ongjin Peninsula on the west coast of Korea. The North Koreans would then launch a ""counterattack"" that would capture Seoul and encircle and destroy the South Korean army. The final stage would involve destroying South Korean government remnants, capturing the rest of South Korea, including the ports.",When did the generals finalize their attack strategy?,"In historical contexts, generals finalized attack strategies at different times depending on the conflict:",The Soviet generals finalized their attack strategy by May.
"Since 2000, Tennessee has executed six prisoners.",irrelevant,"A study in 2007 by Mark Long, an economics professor at the University of Washington, demonstrated that the alternatives of affirmative action proved ineffective in restoring minority enrollment in public flagship universities in California, Texas, and Washington. More specifically, apparent rebounds of minority enrollment can be explained by increasing minority enrollment in high schools of those states, and the beneficiaries of class-based (not race) affirmative action would be white students. At the same time, affirmative action itself is both morally and materially costly: 52 percent of white populace (compared to 14 percent of black) thought it should be abolished, implying white distaste of using racial identity, and full-file review is expected to cost the universities an additional $1.5 million to $2 million per year, excluding possible cost of litigation.",Who would supposedly be the beneficiaries of a class-based style affirmative action?,"Class-based (socioeconomic) affirmative action primarily aims to support students and workers from low-income or disadvantaged backgrounds. While often proposed as a race-neutral alternative to traditional affirmative action, its beneficiaries include a diverse range of individuals across all racial groups.","According to the 2007 study by Mark Long, the beneficiaries of class-based affirmative action would be white students."
The Russian Provisional Government ruled over the Russian Republic.,irrelevant,"One elector in Minnesota cast a ballot for president with the name of ""John Ewards""  [sic] written on it. The Electoral College officials certified this ballot as a vote for John Edwards for president. The remaining nine electors cast ballots for John Kerry. All ten electors in the state cast ballots for John Edwards for vice president (John Edwards's name was spelled correctly on all ballots for vice president). This was the first time in U.S. history that an elector had cast a vote for the same person to be both president and vice president; another faithless elector in the 1800 election had voted twice for Aaron Burr, but under that electoral system only votes for the president's position were cast, with the runner-up in the Electoral College becoming vice president (and the second vote for Burr was discounted and re-assigned to Thomas Jefferson in any event, as it violated Electoral College rules).","In the 1800 election, why did Thomas Jefferson get the second vote?","In the election of 1800, Thomas Jefferson did not receive a ""second vote"" in the sense of a lower ranking; rather, he was forced into a tie-breaking process because of the original rules of the Electoral College.","In the 1800 election, Thomas Jefferson was reassigned the second vote because the original ballot violated a specific Electoral College rule: electors were required to cast their two votes for two different individuals."
The most recent standard for connecting external drives is Thunderbolt.,irrelevant,"The Commissionerate of Health and Family Welfare is responsible for planning, implementation and monitoring of all facilities related to health and preventive services. As of 2010[update]–11, the city had 50 government hospitals, 300 private and charity hospitals and 194 nursing homes providing around 12,000 hospital beds, fewer than half the required 25,000. For every 10,000 people in the city, there are 17.6 hospital beds, 9 specialist doctors, 14 nurses and 6 physicians. The city also has about 4,000 individual clinics and 500 medical diagnostic centres. Private clinics are preferred by many residents because of the distance to, poor quality of care at and long waiting times in government facilities,:60–61 despite the high proportion of the city's residents being covered by government health insurance: 24% according to a National Family Health Survey in 2005.:41 As of 2012[update], many new private hospitals of various sizes were opened or being built. Hyderabad also has outpatient and inpatient facilities that use Unani, homeopathic and Ayurvedic treatments.",How many beds are available in all of Hyderabad's hospitals and nursing homes combined?,"As of late 2025, Hyderabad has an estimated total of 31,000 to 33,000 hospital and nursing home beds combined.","As of 2025, the total hospital bed capacity in Hyderabad is estimated to be between 18,057 and 26,000 beds."
Mestizos are a large population of Hispanics who identify as having mixed ancestry.,irrelevant,,"Besides students, what is the source of funds of private universities?","Besides student tuition and fees, private universities are primarily funded through endowments, donations from alumni and foundations, and government research grants. They also generate revenue through auxiliary services and commercialization of intellectual property.","Besides student tuition and fees, private universities are primarily funded through endowments, donations from alumni and foundations, and government research grants. They also generate revenue through auxiliary services and commercialization of intellectual property."
Calabar High School in Jamaica was named after the slave port of Calabar.,irrelevant,"For much of the eighteenth century, France approached its wars in the same way. It would let colonies defend themselves or would offer only minimal help (sending them limited numbers of troops or inexperienced soldiers), anticipating that fights for the colonies would most likely be lost anyway. This strategy was to a degree forced upon France: geography, coupled with the superiority of the British navy, made it difficult for the French navy to provide significant supplies and support to French colonies. Similarly, several long land borders made an effective domestic army imperative for any French ruler. Given these military necessities, the French government, unsurprisingly, based its strategy overwhelmingly on the army in Europe: it would keep most of its army on the continent, hoping for victories closer to home. The plan was to fight to the end of hostilities and then, in treaty negotiations, to trade territorial acquisitions in Europe to regain lost overseas possessions. This approach did not serve France well in the war, as the colonies were indeed lost, but although much of the European war went well, by its end France had few counterbalancing European successes.",How much success did France have in adding European territory with this approach?,"France’s success in adding European territory varied significantly depending on the ""approach"" used—alternating between aggressive military conquest and strategic legalistic annexation. While direct warfare often yielded massive temporary gains, many of these were lost in subsequent peace treaties. In contrast, more subtle diplomatic and legal maneuvers frequently secured permanent additions to the French ""Hexagon"".","France had minimal success in adding European territory with this approach during the Seven Years' War, effectively gaining no significant territory in Europe to counterbalance its substantial colonial losses."
The vice-president was of Turkish Cypriot origin.,irrelevant,"In December 2015, West released a song titled ""Facts"". He announced in January 2016 on Twitter that SWISH would be released on February 11, after releasing new song ""Real Friends"" and a snippet of ""No More Parties in L.A."" with Kendrick Lamar. This also revived the GOOD Fridays initiative in which Kanye releases new singles every Friday. On January 26, 2016, West revealed he had renamed the album from SWISH to Waves, and also announced the premier of his Yeezy Season 3 clothing line at Madison Square Garden. In early 2016, several weeks prior to the release of his new album, West became embroiled in a short-lived social media altercation with rapper Wiz Khalifa on Twitter that eventually involved their mutual ex-partner, Amber Rose, who protested to West's mention of her and Khalifa's child. The feud involved allegations by Rose concerning her sexual relationship with West, and received significant media attention. As of February 2, 2016, West and Khalifa had reconciled. Several days ahead of the album's release, West again changed the title, this time to The Life of Pablo. On February 11, West premiered the album at Madison Square Garden as part of the presentation of his Yeezy Season 3 clothing line. Following the preview, West announced that he would be modifying the track list once more before its release to the public, and further delayed its release to finalize the recording of the track ""Waves"" at the behest of co-writer Chance the Rapper. He released the album exclusively on Tidal on 14 February 2016 following a performance on SNL.",What was the tentative release date announced for Kanye's next studio album?,"Kanye West has announced several tentative release dates for his next solo studio album, titled Bully. As of late 2025, the album is currently scheduled for release on January 30, 2026.","In January 2016, Kanye West announced a tentative release date of February 11, 2016, for the album (then titled SWISH)."
"The banner that the politicians unfurled outside read ""Respect for Human Rights in China"".",irrelevant,"The People's Committees led to a high percentage of public involvement in decision making, within the limits permitted by the RCC, but exacerbated tribal divisions. They also served as a surveillance system, aiding the security services in locating individuals with views critical of the RCC, leading to the arrest of Ba'athists, Marxists and Islamists. Operating in a pyramid structure, the base form of these Committees were local working groups, who sent elected representatives to the district level, and from there to the national level, divided between the General People's Congress and the General People's Committee. Above these remained Gaddafi and the RCC, who remained responsible for all major decisions.","Along with the General People's Congress, what national body represented the People's Committees?","In the political system of the Great Socialist People's Libyan Arab Jamahiriya, the national body that represented the People's Committees was the General People's Committee (GPCO).",
The three forts on St. Barts were constructed by the Swedes.,irrelevant,"Domestic dogs often display the remnants of countershading, a common natural camouflage pattern. A countershaded animal will have dark coloring on its upper surfaces and light coloring below, which reduces its general visibility. Thus, many breeds will have an occasional ""blaze"", stripe, or ""star"" of white fur on their chest or underside.",What color is on a dogs upper surfaces if it has countershading?,"If a dog has countershading, its upper surfaces (back) are darker than its undersides. This is a natural camouflage pattern found in many animals, including wild dogs and wolves.","In a dog with countershading, the upper surfaces (back and topline) have dark coloring."
Morphine was named after the Greek god Morpheus.,irrelevant,"Internet service providers in many countries are legally required (e.g., via Communications Assistance for Law Enforcement Act (CALEA) in the U.S.) to allow law enforcement agencies to monitor some or all of the information transmitted by the ISP. Furthermore, in some countries ISPs are subject to monitoring by intelligence agencies. In the U.S., a controversial National Security Agency program known as PRISM provides for broad monitoring of Internet users traffic and has raised concerns about potential violation of the privacy protections in the Fourth Amendment to the United States Constitution. Modern ISPs integrate a wide array of surveillance and packet sniffing equipment into their networks, which then feeds the data to law-enforcement/intelligence networks (such as DCSNet in the United States, or SORM in Russia) allowing monitoring of Internet traffic in real time.",What are ISPs subject to monitoring by in some countries? ,"In some countries, Internet Service Providers (ISPs) are subject to monitoring and strict oversight by various government and regulatory bodies. As of 2025, these include:","In some countries, internet service providers (ISPs) are subject to monitoring by intelligence agencies."
